foxo1_position,cc90009,native_contact_n,native_total_n,randomized_contact_n,randomized_total_n,fisher_two_sided_p,native_frequency,native_frequency_pct,native_wilson95_low,native_wilson95_high,randomized_frequency,randomized_frequency_pct,randomized_wilson95_low,randomized_wilson95_high,bh_q,significant
1,absent,20,100,32,100,0.07561017566065202,0.2,20.0,0.1333669333310325,0.2888291655931589,0.32,32.0,0.23669147324999093,0.41662618610452384,0.17377075458851607,False
2,absent,23,100,29,100,0.4203914467317669,0.23,23.0,0.15843265880303448,0.3215438302287378,0.29,28.999999999999996,0.2101483574912227,0.3853889117557111,0.5986008643680595,False
3,absent,23,100,27,100,0.6244769925457376,0.23,23.0,0.15843265880303448,0.3215438302287378,0.27,27.0,0.1926958414957634,0.36432116767944994,0.7820887765152164,False
4,absent,23,100,29,100,0.4203914467317669,0.23,23.0,0.15843265880303448,0.3215438302287378,0.29,28.999999999999996,0.2101483574912227,0.3853889117557111,0.5986008643680595,False
5,absent,23,100,30,100,0.3364397890658587,0.23,23.0,0.15843265880303448,0.3215438302287378,0.3,30.0,0.2189488529493276,0.3958485463334666,0.5112948070490427,False
6,absent,24,100,30,100,0.42598346474522736,0.24,24.0,0.16691325556948772,0.33232336349814473,0.3,30.0,0.2189488529493276,0.3958485463334666,0.6000412245335998,False
7,absent,24,100,30,100,0.42598346474522736,0.24,24.0,0.16691325556948772,0.33232336349814473,0.3,30.0,0.2189488529493276,0.3958485463334666,0.6000412245335998,False
8,absent,20,100,29,100,0.1881077770293725,0.2,20.0,0.1333669333310325,0.2888291655931589,0.29,28.999999999999996,0.2101483574912227,0.3853889117557111,0.3441636702632374,False
9,absent,19,100,24,100,0.49145398728839196,0.19,19.0,0.12514751509768735,0.27778845379064376,0.24,24.0,0.16691325556948772,0.33232336349814473,0.6621048335083061,False
10,absent,12,100,19,100,0.24077903032458647,0.12,12.0,0.06999406437019488,0.19812099426711421,0.19,19.0,0.12514751509768735,0.27778845379064376,0.4064697548005261,False
11,absent,9,100,19,100,0.06521337303956297,0.09,9.0,0.04807254000256516,0.1622621285271631,0.19,19.0,0.12514751509768735,0.27778845379064376,0.15703955640041817,False
12,absent,7,100,17,100,0.04840207324479875,0.07,7.000000000000001,0.03431926106727268,0.137495147390735,0.17,17.0,0.10893566114059931,0.25548004767601123,0.12993179498091467,False
13,absent,5,100,18,100,0.00671748655269711,0.05,5.0,0.02154367915436796,0.11175046923191913,0.18,18.0,0.1170022549894635,0.2666735838630073,0.0369744007732488,True
14,absent,6,100,13,100,0.14638501888141023,0.06,6.0,0.027786123963188192,0.1247681544589592,0.13,13.0,0.07757167427240512,0.20980351440076428,0.28967428207650664,False
15,absent,5,100,10,100,0.28276383037778063,0.05,5.0,0.02154367915436796,0.11175046923191913,0.1,10.0,0.0552291370606751,0.17436566150491345,0.45946578678969235,False
16,absent,2,100,6,100,0.2790433179426091,0.02,2.0,0.00550196755016235,0.07001179072854388,0.06,6.0,0.027786123963188192,0.1247681544589592,0.4580786297052856,False
17,absent,2,100,4,100,0.6827165895859618,0.02,2.0,0.00550196755016235,0.07001179072854388,0.04,4.0,0.01566330399154762,0.0983707143588792,0.8310404026270192,False
18,absent,3,100,9,100,0.1337625423485951,0.03,3.0,0.010254524024038925,0.0845193642905276,0.09,9.0,0.04807254000256516,0.1622621285271631,0.27185900239534555,False
19,absent,5,100,8,100,0.5679253786222119,0.05,5.0,0.02154367915436796,0.11175046923191913,0.08,8.0,0.041093461484380624,0.14998107700948735,0.7359912286994086,False
20,absent,3,100,8,100,0.21340990107170205,0.03,3.0,0.010254524024038925,0.0845193642905276,0.08,8.0,0.041093461484380624,0.14998107700948735,0.3757620569945292,False
21,absent,55,200,34,200,0.015907359401910397,0.275,27.500000000000004,0.21779700329307355,0.34068339357669647,0.17,17.0,0.12427907912586969,0.22815883628312625,0.06276699041115247,False
22,absent,52,200,33,200,0.027427899684816345,0.26,26.0,0.20413830063574687,0.32490745602534116,0.165,16.5,0.11996855328217307,0.2226578153905955,0.08637151102670532,False
23,absent,49,200,33,200,0.06277332524996043,0.245,24.5,0.1905686808903718,0.30904243556203415,0.165,16.5,0.11996855328217307,0.2226578153905955,0.15228343718045956,False
24,absent,50,200,34,200,0.06516249054097889,0.25,25.0,0.19508168006817497,0.31434098312045833,0.17,17.0,0.12427907912586969,0.22815883628312625,0.15703955640041817,False
25,absent,51,200,33,200,0.0364987147944708,0.255,25.5,0.1996049517203135,0.3196292582045472,0.165,16.5,0.11996855328217307,0.2226578153905955,0.1043670164392066,False
26,absent,51,200,32,200,0.026077752696724067,0.255,25.5,0.1996049517203135,0.3196292582045472,0.16,16.0,0.1156741203158702,0.21714070162067106,0.08373003929585424,False
27,absent,49,200,31,200,0.03316232115694804,0.245,24.5,0.1905686808903718,0.30904243556203415,0.155,15.5,0.11139636927689314,0.21160690592342077,0.09653920159022651,False
28,absent,42,200,25,200,0.03162388222036503,0.21,21.0,0.15928412069979,0.2716461685990246,0.125,12.5,0.08611974475712644,0.17801425002582347,0.0946435246389742,False
29,absent,44,200,26,200,0.02480125778032872,0.22,22.0,0.16816538358833258,0.28238799918293667,0.13,13.0,0.0902820227966932,0.18366351872248407,0.08122411923057654,False
30,absent,34,200,22,200,0.11235152863645977,0.17,17.0,0.12427907912586969,0.22815883628312625,0.11,11.0,0.07377244460125303,0.1609269099730149,0.2351126238239014,False
31,absent,32,200,19,200,0.07123388257370794,0.16,16.0,0.1156741203158702,0.21714070162067106,0.095,9.5,0.06166310271738653,0.1436016116481994,0.16486994023243356,False
32,absent,30,200,17,200,0.061523130620915974,0.15,15.0,0.10713593562241995,0.20605579284166659,0.085,8.5,0.05374575017747561,0.13189587071565567,0.15036436774888046,False
33,absent,16,200,14,200,0.8498006309539005,0.08,8.0,0.049840585889759974,0.12598948826714396,0.07,7.000000000000001,0.042152171828342806,0.11405480885610647,0.9422823710244197,False
34,absent,22,200,13,200,0.15608780347726603,0.11,11.0,0.07377244460125303,0.1609269099730149,0.065,6.5,0.03837635464915299,0.10801907929906895,0.30306090794495805,False
35,absent,13,200,17,200,0.5696909205352674,0.065,6.5,0.03837635464915299,0.10801907929906895,0.085,8.5,0.05374575017747561,0.13189587071565567,0.7359912286994086,False
36,absent,14,200,12,200,0.8397294114926835,0.07,7.000000000000001,0.042152171828342806,0.11405480885610647,0.06,6.0,0.03465219425433187,0.1019316929576627,0.9370064131647492,False
37,absent,17,200,11,200,0.3272883921905186,0.085,8.5,0.05374575017747561,0.13189587071565567,0.055,5.5,0.03098534170345884,0.0957869987723084,0.5008735908523123,False
38,absent,27,200,17,200,0.1497326232191288,0.135,13.5,0.09446570454787906,0.18929138370752552,0.085,8.5,0.05374575017747561,0.13189587071565567,0.29540622954376317,False
39,absent,29,200,17,200,0.08383082388170165,0.145,14.499999999999998,0.10289350642004402,0.20048667530781522,0.085,8.5,0.05374575017747561,0.13189587071565567,0.1880451700086116,False
40,absent,33,200,15,200,0.008359327177480894,0.165,16.5,0.11996855328217307,0.2226578153905955,0.075,7.5,0.04597491718438201,0.12004361023629456,0.04345523254960306,True
41,absent,47,200,29,200,0.029809531467173994,0.235,23.5,0.18157433415232588,0.29841368882762537,0.145,14.499999999999998,0.10289350642004402,0.20048667530781522,0.09039464403240263,False
42,absent,42,200,31,200,0.19527435482295702,0.21,21.0,0.15928412069979,0.2716461685990246,0.155,15.5,0.11139636927689314,0.21160690592342077,0.3509196142473352,False
43,absent,43,200,31,200,0.15633644596484558,0.215,21.5,0.1637187625450758,0.27702307348996613,0.155,15.5,0.11139636927689314,0.21160690592342077,0.30306090794495805,False
44,absent,43,200,29,200,0.09019708569432193,0.215,21.5,0.1637187625450758,0.27702307348996613,0.145,14.499999999999998,0.10289350642004402,0.20048667530781522,0.1969303037659362,False
45,absent,38,200,28,200,0.22519541308054938,0.19,19.0,0.14167171527790676,0.25001238707599854,0.14,14.000000000000002,0.09866982633455634,0.1948988086570756,0.38816577780989436,False
46,absent,36,200,27,200,0.2720873297991401,0.18,18.0,0.13294625859420173,0.23911475028724882,0.135,13.5,0.09446570454787906,0.18929138370752552,0.45202464742866116,False
47,absent,33,200,26,200,0.3976975875803136,0.165,16.5,0.11996855328217307,0.2226578153905955,0.13,13.0,0.0902820227966932,0.18366351872248407,0.5775874054658656,False
48,absent,23,200,21,200,0.8732296171172865,0.115,11.5,0.07786373232561955,0.16664716898487572,0.105,10.5,0.06970748792681017,0.1551803199112304,0.9422823710244197,False
49,absent,16,200,21,200,0.49046582384600745,0.08,8.0,0.049840585889759974,0.12598948826714396,0.105,10.5,0.06970748792681017,0.1551803199112304,0.6621048335083061,False
50,absent,15,200,15,200,1.0,0.075,7.5,0.04597491718438201,0.12004361023629456,0.075,7.5,0.04597491718438201,0.12004361023629456,1.0,False
51,absent,18,200,16,200,0.8580053573871912,0.09,9.0,0.05768744886219316,0.13776571876716542,0.08,8.0,0.049840585889759974,0.12598948826714396,0.9422823710244197,False
52,absent,26,200,17,200,0.19613169049270807,0.13,13.0,0.0902820227966932,0.18366351872248407,0.085,8.5,0.05374575017747561,0.13189587071565567,0.3509196142473352,False
53,absent,25,200,10,200,0.012280896990802828,0.125,12.5,0.08611974475712644,0.17801425002582347,0.05,5.0,0.02738264560076393,0.08957814813877599,0.05252759223622561,False
54,absent,28,200,12,200,0.011626999774460243,0.14,14.000000000000002,0.09866982633455634,0.1948988086570756,0.06,6.0,0.03465219425433187,0.1019316929576627,0.052402374472374,False
55,absent,33,200,12,200,0.0013288196138994447,0.165,16.5,0.11996855328217307,0.2226578153905955,0.06,6.0,0.03465219425433187,0.1019316929576627,0.016009315044096903,True
56,absent,30,200,15,200,0.02585728106957838,0.15,15.0,0.10713593562241995,0.20605579284166659,0.075,7.5,0.04597491718438201,0.12004361023629456,0.08343112857425537,False
57,absent,31,200,13,200,0.006068057887575514,0.155,15.5,0.11139636927689314,0.21160690592342077,0.065,6.5,0.03837635464915299,0.10801907929906895,0.03548730282466037,True
58,absent,32,200,17,200,0.03193315869498214,0.16,16.0,0.1156741203158702,0.21714070162067106,0.085,8.5,0.05374575017747561,0.13189587071565567,0.0946435246389742,False
59,absent,24,200,17,200,0.322659957014943,0.12,12.0,0.08197992706375512,0.17234252098296743,0.085,8.5,0.05374575017747561,0.13189587071565567,0.49962712020044364,False
60,absent,21,200,19,200,0.867856868659885,0.105,10.5,0.06970748792681017,0.1551803199112304,0.095,9.5,0.06166310271738653,0.1436016116481994,0.9422823710244197,False
61,absent,30,200,39,200,0.28968845540338256,0.15,15.0,0.10713593562241995,0.20605579284166659,0.195,19.5,0.1460552053440051,0.25544044374612745,0.4604368139412202,False
62,absent,31,200,36,200,0.592482135785046,0.155,15.5,0.11139636927689314,0.21160690592342077,0.18,18.0,0.13294625859420173,0.23911475028724882,0.7579605448031351,False
63,absent,31,200,34,200,0.7865177591055664,0.155,15.5,0.11139636927689314,0.21160690592342077,0.17,17.0,0.12427907912586969,0.22815883628312625,0.9104815743450884,False
64,absent,31,200,33,200,0.8916167084689799,0.155,15.5,0.11139636927689314,0.21160690592342077,0.165,16.5,0.11996855328217307,0.2226578153905955,0.9589637833287057,False
65,absent,31,200,34,200,0.7865177591055664,0.155,15.5,0.11139636927689314,0.21160690592342077,0.17,17.0,0.12427907912586969,0.22815883628312625,0.9104815743450884,False
66,absent,30,200,35,200,0.5879711013715162,0.15,15.0,0.10713593562241995,0.20605579284166659,0.175,17.5,0.12860515066273331,0.23364431148248993,0.7536615878636852,False
67,absent,30,200,32,200,0.8902220892391735,0.15,15.0,0.10713593562241995,0.20605579284166659,0.16,16.0,0.1156741203158702,0.21714070162067106,0.9589637833287057,False
68,absent,23,200,26,200,0.7606489276366424,0.115,11.5,0.07786373232561955,0.16664716898487572,0.13,13.0,0.0902820227966932,0.18366351872248407,0.8928764293942666,False
69,absent,20,200,28,200,0.281374898147473,0.1,10.0,0.06567044866909588,0.1494058124327174,0.14,14.000000000000002,0.09866982633455634,0.1948988086570756,0.45946578678969235,False
70,absent,9,200,22,200,0.023469546698384077,0.045,4.5,0.023852543001492997,0.0832967040018196,0.11,11.0,0.07377244460125303,0.1609269099730149,0.0780332644032567,False
71,absent,9,200,23,200,0.01541780861037603,0.045,4.5,0.023852543001492997,0.0832967040018196,0.115,11.5,0.07786373232561955,0.16664716898487572,0.06195499779016135,False
72,absent,8,200,22,200,0.012430193582618274,0.04,4.0,0.020405632066152306,0.07693206820093293,0.11,11.0,0.07377244460125303,0.1609269099730149,0.05252759223622561,False
73,absent,8,200,18,200,0.06612464458455802,0.04,4.0,0.020405632066152306,0.07693206820093293,0.09,9.0,0.05768744886219316,0.13776571876716542,0.1574968807377655,False
74,absent,8,200,15,200,0.1966221350057588,0.04,4.0,0.020405632066152306,0.07693206820093293,0.075,7.5,0.04597491718438201,0.12004361023629456,0.3509196142473352,False
75,absent,8,200,14,200,0.2725950163882766,0.04,4.0,0.020405632066152306,0.07693206820093293,0.07,7.000000000000001,0.042152171828342806,0.11405480885610647,0.45202464742866116,False
76,absent,9,200,15,200,0.29241110834923395,0.045,4.5,0.023852543001492997,0.0832967040018196,0.075,7.5,0.04597491718438201,0.12004361023629456,0.4604368139412202,False
77,absent,6,200,19,200,0.011760532896853401,0.03,3.0,0.013820314340111346,0.06389429245451925,0.095,9.5,0.06166310271738653,0.1436016116481994,0.052402374472374,False
78,absent,8,200,20,200,0.02949312900097527,0.04,4.0,0.020405632066152306,0.07693206820093293,0.1,10.0,0.06567044866909588,0.1494058124327174,0.09027102568055514,False
79,absent,9,200,20,200,0.052198246866101236,0.045,4.5,0.023852543001492997,0.0832967040018196,0.1,10.0,0.06567044866909588,0.1494058124327174,0.13842045221577454,False
80,absent,11,200,25,200,0.022011515825250978,0.055,5.5,0.03098534170345884,0.0957869987723084,0.125,12.5,0.08611974475712644,0.17801425002582347,0.07588180455547047,False
81,absent,18,200,36,200,0.012320088317331954,0.09,9.0,0.05768744886219316,0.13776571876716542,0.18,18.0,0.13294625859420173,0.23911475028724882,0.05252759223622561,False
82,absent,21,200,39,200,0.01675826591602255,0.105,10.5,0.06970748792681017,0.1551803199112304,0.195,19.5,0.1460552053440051,0.25544044374612745,0.0650144795743086,False
83,absent,21,200,36,200,0.04452606363616046,0.105,10.5,0.06970748792681017,0.1551803199112304,0.18,18.0,0.13294625859420173,0.23911475028724882,0.12119755181344667,False
84,absent,20,200,35,200,0.04135142191767481,0.1,10.0,0.06567044866909588,0.1494058124327174,0.175,17.5,0.12860515066273331,0.23364431148248993,0.11525609087692341,False
85,absent,20,200,36,200,0.02997562242643456,0.1,10.0,0.06567044866909588,0.1494058124327174,0.18,18.0,0.13294625859420173,0.23911475028724882,0.09047941331481399,False
86,absent,20,200,35,200,0.04135142191767481,0.1,10.0,0.06567044866909588,0.1494058124327174,0.175,17.5,0.12860515066273331,0.23364431148248993,0.11525609087692341,False
87,absent,18,200,33,200,0.035044466002047935,0.09,9.0,0.05768744886219316,0.13776571876716542,0.165,16.5,0.11996855328217307,0.2226578153905955,0.10156692580239557,False
88,absent,15,200,29,200,0.03679724588052753,0.075,7.5,0.04597491718438201,0.12004361023629456,0.145,14.499999999999998,0.10289350642004402,0.20048667530781522,0.1043670164392066,False
89,absent,11,200,27,200,0.009744597796478474,0.055,5.5,0.03098534170345884,0.0957869987723084,0.135,13.5,0.09446570454787906,0.18929138370752552,0.047990312456341354,True
90,absent,7,200,25,200,0.0013687353320143917,0.035,3.5000000000000004,0.017055542008567192,0.07047061152229073,0.125,12.5,0.08611974475712644,0.17801425002582347,0.016009315044096903,True
91,absent,7,200,21,200,0.009697104362318557,0.035,3.5000000000000004,0.017055542008567192,0.07047061152229073,0.105,10.5,0.06970748792681017,0.1551803199112304,0.047990312456341354,True
92,absent,7,200,19,200,0.02398699978244159,0.035,3.5000000000000004,0.017055542008567192,0.07047061152229073,0.095,9.5,0.06166310271738653,0.1436016116481994,0.07895218521356402,False
93,absent,6,200,16,200,0.04614514847729592,0.03,3.0,0.013820314340111346,0.06389429245451925,0.08,8.0,0.049840585889759974,0.12598948826714396,0.12489699277945797,False
94,absent,7,200,17,200,0.05608175067837895,0.035,3.5000000000000004,0.017055542008567192,0.07047061152229073,0.085,8.5,0.05374575017747561,0.13189587071565567,0.1440531242915224,False
95,absent,11,200,16,200,0.42587567755228606,0.055,5.5,0.03098534170345884,0.0957869987723084,0.08,8.0,0.049840585889759974,0.12598948826714396,0.6000412245335998,False
96,absent,13,200,16,200,0.7004087853972961,0.065,6.5,0.03837635464915299,0.10801907929906895,0.08,8.0,0.049840585889759974,0.12598948826714396,0.8448761591809004,False
97,absent,8,200,19,200,0.044492484686145306,0.04,4.0,0.020405632066152306,0.07693206820093293,0.095,9.5,0.06166310271738653,0.1436016116481994,0.12119755181344667,False
98,absent,13,200,20,200,0.27538251203949987,0.065,6.5,0.03837635464915299,0.10801907929906895,0.1,10.0,0.06567044866909588,0.1494058124327174,0.45320488790420205,False
99,absent,13,200,19,200,0.35699511636469594,0.065,6.5,0.03837635464915299,0.10801907929906895,0.095,9.5,0.06166310271738653,0.1436016116481994,0.5326464720247741,False
100,absent,20,200,26,200,0.43352512137124294,0.1,10.0,0.06567044866909588,0.1494058124327174,0.13,13.0,0.0902820227966932,0.18366351872248407,0.6093539796097943,False
101,absent,28,200,56,200,0.0008496032991090671,0.14,14.000000000000002,0.09866982633455634,0.1948988086570756,0.28,28.000000000000004,0.22236889773949026,0.3459230458665071,0.01159354501909248,True
102,absent,27,200,52,200,0.0024328032081087636,0.135,13.5,0.09446570454787906,0.18929138370752552,0.26,26.0,0.20413830063574687,0.32490745602534116,0.021533595963665407,True
103,absent,27,200,51,200,0.0035210041695129526,0.135,13.5,0.09446570454787906,0.18929138370752552,0.255,25.5,0.1996049517203135,0.3196292582045472,0.02553630026191542,True
104,absent,26,200,47,200,0.009305366023165125,0.13,13.0,0.0902820227966932,0.18366351872248407,0.235,23.5,0.18157433415232588,0.29841368882762537,0.04724817631917176,True
105,absent,25,200,44,200,0.016774728317646034,0.125,12.5,0.08611974475712644,0.17801425002582347,0.22,22.0,0.16816538358833258,0.28238799918293667,0.0650144795743086,False
106,absent,27,200,45,200,0.026463473731713066,0.135,13.5,0.09446570454787906,0.18929138370752552,0.225,22.5,0.17262369715089126,0.2877412323566053,0.08455402582571736,False
107,absent,22,200,42,200,0.009175504983083702,0.11,11.0,0.07377244460125303,0.1609269099730149,0.21,21.0,0.15928412069979,0.2716461685990246,0.04695277940562363,True
108,absent,18,200,44,200,0.00047816974569198637,0.09,9.0,0.05768744886219316,0.13776571876716542,0.22,22.0,0.16816538358833258,0.28238799918293667,0.007830029585706277,True
109,absent,19,200,41,200,0.0030337850782321736,0.095,9.5,0.06166310271738653,0.1436016116481994,0.205,20.5,0.15486176203836208,0.26625698052422514,0.025476015721052226,True
110,absent,17,200,33,200,0.022599236773784764,0.085,8.5,0.05374575017747561,0.13189587071565567,0.165,16.5,0.11996855328217307,0.2226578153905955,0.07660170675005772,False
111,absent,17,200,35,200,0.010938520562776005,0.085,8.5,0.05374575017747561,0.13189587071565567,0.175,17.5,0.12860515066273331,0.23364431148248993,0.050949776178038045,False
112,absent,14,200,30,200,0.015745205487565927,0.07,7.000000000000001,0.042152171828342806,0.11405480885610647,0.15,15.0,0.10713593562241995,0.20605579284166659,0.06250369451124656,False
113,absent,12,200,24,200,0.05335958900213791,0.06,6.0,0.03465219425433187,0.1019316929576627,0.12,12.0,0.08197992706375512,0.17234252098296743,0.13869258252539812,False
114,absent,14,200,25,200,0.09083843393393357,0.07,7.000000000000001,0.042152171828342806,0.11405480885610647,0.125,12.5,0.08611974475712644,0.17801425002582347,0.19701713320108108,False
115,absent,10,200,20,200,0.08609680423939847,0.05,5.0,0.02738264560076393,0.08957814813877599,0.1,10.0,0.06567044866909588,0.1494058124327174,0.19181430876464625,False
116,absent,9,200,24,200,0.00999924762865417,0.045,4.5,0.023852543001492997,0.0832967040018196,0.12,12.0,0.08197992706375512,0.17234252098296743,0.04851486812421097,True
117,absent,9,200,27,200,0.0025392474953277746,0.045,4.5,0.023852543001492997,0.0832967040018196,0.135,13.5,0.09446570454787906,0.18929138370752552,0.02217609479252923,True
118,absent,14,200,35,200,0.0020326095741654135,0.07,7.000000000000001,0.042152171828342806,0.11405480885610647,0.175,17.5,0.12860515066273331,0.23364431148248993,0.018767135270906874,True
119,absent,16,200,32,200,0.020241554923499043,0.08,8.0,0.049840585889759974,0.12598948826714396,0.16,16.0,0.1156741203158702,0.21714070162067106,0.07184233468147505,False
120,absent,17,200,38,200,0.0033958733436940934,0.085,8.5,0.05374575017747561,0.13189587071565567,0.19,19.0,0.14167171527790676,0.25001238707599854,0.02553630026191542,True
121,absent,83,200,63,200,0.04828513822921008,0.415,41.5,0.34894285449757567,0.4842608509865596,0.315,31.5,0.2546232099022851,0.3823495608573036,0.12993179498091467,False
122,absent,89,200,62,200,0.007229051293152465,0.445,44.5,0.3778060100295335,0.5142669758719658,0.31,31.0,0.2499894483607809,0.37717177566258037,0.038811709811597254,True
123,absent,85,200,62,200,0.022360880813295222,0.425,42.5,0.3585361254351385,0.49429067352145145,0.31,31.0,0.2499894483607809,0.37717177566258037,0.07660170675005772,False
124,absent,66,200,56,200,0.32838465633023406,0.33,33.0,0.26857425870603957,0.39783315226223115,0.28,28.000000000000004,0.22236889773949026,0.3459230458665071,0.5013798365881196,False
125,absent,58,200,56,200,0.9118395022648123,0.29,28.999999999999996,0.23154025607067882,0.3563747810077731,0.28,28.000000000000004,0.22236889773949026,0.3459230458665071,0.9791063507925444,False
126,absent,58,200,57,200,1.0,0.29,28.999999999999996,0.23154025607067882,0.3563747810077731,0.285,28.499999999999996,0.22695003004617292,0.3511534602960517,1.0,False
127,absent,51,200,50,200,1.0,0.255,25.5,0.1996049517203135,0.3196292582045472,0.25,25.0,0.19508168006817497,0.31434098312045833,1.0,False
128,absent,48,200,45,200,0.8129642292520861,0.24,24.0,0.1860661599241369,0.30373340979204166,0.225,22.5,0.17262369715089126,0.2877412323566053,0.9228623399655398,False
129,absent,49,200,53,200,0.7308465385644224,0.245,24.5,0.1905686808903718,0.30904243556203415,0.265,26.5,0.2086815414710911,0.3301757619262242,0.8719571634967151,False
130,absent,51,200,41,200,0.28489799542909067,0.255,25.5,0.1996049517203135,0.3196292582045472,0.205,20.5,0.15486176203836208,0.26625698052422514,0.4596260763695921,False
131,absent,63,200,42,200,0.022781930176002364,0.315,31.5,0.2546232099022851,0.3823495608573036,0.21,21.0,0.15928412069979,0.2716461685990246,0.07660170675005772,False
132,absent,53,200,42,200,0.23992682393324088,0.265,26.5,0.2086815414710911,0.3301757619262242,0.21,21.0,0.15928412069979,0.2716461685990246,0.40607769942189353,False
133,absent,48,200,39,200,0.33227475978704496,0.24,24.0,0.1860661599241369,0.30373340979204166,0.195,19.5,0.1460552053440051,0.25544044374612745,0.506139459675615,False
134,absent,47,200,39,200,0.39432775484359317,0.235,23.5,0.18157433415232588,0.29841368882762537,0.195,19.5,0.1460552053440051,0.25544044374612745,0.5739659542723412,False
135,absent,39,200,42,200,0.8036068918122029,0.195,19.5,0.1460552053440051,0.25544044374612745,0.21,21.0,0.15928412069979,0.2716461685990246,0.9202141855541834,False
136,absent,41,200,47,200,0.5463282175318738,0.205,20.5,0.15486176203836208,0.26625698052422514,0.235,23.5,0.18157433415232588,0.29841368882762537,0.7128386105246559,False
137,absent,49,200,48,200,1.0,0.245,24.5,0.1905686808903718,0.30904243556203415,0.24,24.0,0.1860661599241369,0.30373340979204166,1.0,False
138,absent,65,200,56,200,0.383901026364221,0.325,32.5,0.2639157153923429,0.3926801488397004,0.28,28.000000000000004,0.22236889773949026,0.3459230458665071,0.5625395352764313,False
139,absent,61,200,57,200,0.7423042033669819,0.305,30.5,0.24536415630735034,0.37198552097978366,0.285,28.499999999999996,0.22695003004617292,0.3511534602960517,0.8792210727041105,False
140,absent,63,200,60,200,0.8284968464753253,0.315,31.5,0.2546232099022851,0.3823495608573036,0.3,30.0,0.24074744682371402,0.36679068372719265,0.9308154964688475,False
141,absent,89,200,54,200,0.0003724120198067732,0.445,44.5,0.3778060100295335,0.5142669758719658,0.27,27.0,0.21323449814685846,0.33543435198668425,0.0069192073827166875,True
142,absent,90,200,55,200,0.0003884766232105956,0.45,45.0,0.3826406840224836,0.5192438486152432,0.275,27.500000000000004,0.21779700329307355,0.34068339357669647,0.0069192073827166875,True
143,absent,92,200,50,200,1.6633032564344252e-05,0.46,46.0,0.39233051799971463,0.5291771081104667,0.25,25.0,0.19508168006817497,0.31434098312045833,0.000990421484513226,True
144,absent,91,200,52,200,6.855456184876031e-05,0.455,45.5,0.387482193098835,0.524213886275119,0.26,26.0,0.20413830063574687,0.32490745602534116,0.002363328316365158,True
145,absent,94,200,48,200,2.230792695907363e-06,0.47,47.0,0.40204754873265425,0.5390831708499817,0.24,24.0,0.1860661599241369,0.30373340979204166,0.0002435282026365538,True
146,absent,83,200,48,200,0.00027603231571334447,0.415,41.5,0.34894285449757567,0.4842608509865596,0.24,24.0,0.1860661599241369,0.30373340979204166,0.005650036462257519,True
147,absent,79,200,41,200,4.897553448131078e-05,0.395,39.5,0.32984101013207967,0.46411650840714636,0.205,20.5,0.15486176203836208,0.26625698052422514,0.00200493594282866,True
148,absent,59,200,35,200,0.00649562683847286,0.295,29.5,0.23613943856849148,0.36158714524618774,0.175,17.5,0.12860515066273331,0.23364431148248993,0.03618452799982371,True
149,absent,38,200,33,200,0.6008914097954083,0.19,19.0,0.14167171527790676,0.25001238707599854,0.165,16.5,0.11996855328217307,0.2226578153905955,0.7612840878452465,False
150,absent,27,200,30,200,0.7750475219282462,0.135,13.5,0.09446570454787906,0.18929138370752552,0.15,15.0,0.10713593562241995,0.20605579284166659,0.9033027168380805,False
151,absent,8,200,26,200,0.0019028394063503118,0.04,4.0,0.020405632066152306,0.07693206820093293,0.13,13.0,0.0902820227966932,0.18366351872248407,0.018399618626777893,True
152,absent,14,200,28,200,0.03296824365936682,0.07,7.000000000000001,0.042152171828342806,0.11405480885610647,0.14,14.000000000000002,0.09866982633455634,0.1948988086570756,0.09640267677180923,False
153,absent,18,200,28,200,0.15780071374450072,0.09,9.0,0.05768744886219316,0.13776571876716542,0.14,14.000000000000002,0.09866982633455634,0.1948988086570756,0.3039984338313176,False
154,absent,25,200,28,200,0.7682805525452024,0.125,12.5,0.08611974475712644,0.17801425002582347,0.14,14.000000000000002,0.09866982633455634,0.1948988086570756,0.90013650644657,False
155,absent,39,200,38,200,1.0,0.195,19.5,0.1460552053440051,0.25544044374612745,0.19,19.0,0.14167171527790676,0.25001238707599854,1.0,False
156,absent,60,200,36,200,0.006901754252850268,0.3,30.0,0.24074744682371402,0.36679068372719265,0.18,18.0,0.13294625859420173,0.23911475028724882,0.03767207529680772,True
157,absent,51,200,30,200,0.012519018588167284,0.255,25.5,0.1996049517203135,0.3196292582045472,0.15,15.0,0.10713593562241995,0.20605579284166659,0.052563828046471604,False
158,absent,60,200,39,200,0.02022071268404338,0.3,30.0,0.24074744682371402,0.36679068372719265,0.195,19.5,0.1460552053440051,0.25544044374612745,0.07184233468147505,False
159,absent,62,200,35,200,0.002317993737507544,0.31,31.0,0.2499894483607809,0.37717177566258037,0.175,17.5,0.12860515066273331,0.23364431148248993,0.020798436959827964,True
160,absent,87,200,38,200,1.728240937386344e-07,0.435,43.5,0.36815725502699076,0.504292637402054,0.19,19.0,0.14167171527790676,0.25001238707599854,0.00011319978139880552,True
161,absent,15,200,22,200,0.30043320652806677,0.075,7.5,0.04597491718438201,0.12004361023629456,0.11,11.0,0.07377244460125303,0.1609269099730149,0.4685327387521041,False
162,absent,19,200,21,200,0.867856868659885,0.095,9.5,0.06166310271738653,0.1436016116481994,0.105,10.5,0.06970748792681017,0.1551803199112304,0.9422823710244197,False
163,absent,19,200,24,200,0.5188853044868758,0.095,9.5,0.06166310271738653,0.1436016116481994,0.12,12.0,0.08197992706375512,0.17234252098296743,0.68660580694728,False
164,absent,17,200,22,200,0.5006086004888739,0.085,8.5,0.05374575017747561,0.13189587071565567,0.11,11.0,0.07377244460125303,0.1609269099730149,0.6719234289348615,False
165,absent,20,200,28,200,0.281374898147473,0.1,10.0,0.06567044866909588,0.1494058124327174,0.14,14.000000000000002,0.09866982633455634,0.1948988086570756,0.45946578678969235,False
166,absent,14,200,26,200,0.06565872708175322,0.07,7.000000000000001,0.042152171828342806,0.11405480885610647,0.13,13.0,0.0902820227966932,0.18366351872248407,0.1574968807377655,False
167,absent,18,200,24,200,0.41505403243402694,0.09,9.0,0.05768744886219316,0.13776571876716542,0.12,12.0,0.08197992706375512,0.17234252098296743,0.5942673735135776,False
168,absent,14,200,17,200,0.7089887224731822,0.07,7.000000000000001,0.042152171828342806,0.11405480885610647,0.085,8.5,0.05374575017747561,0.13189587071565567,0.8536537007719381,False
169,absent,13,200,20,200,0.27538251203949987,0.065,6.5,0.03837635464915299,0.10801907929906895,0.1,10.0,0.06567044866909588,0.1494058124327174,0.45320488790420205,False
170,absent,9,200,12,200,0.654896662945544,0.045,4.5,0.023852543001492997,0.0832967040018196,0.06,6.0,0.03465219425433187,0.1019316929576627,0.8108833917378665,False
171,absent,6,200,12,200,0.22707350567093987,0.03,3.0,0.013820314340111346,0.06389429245451925,0.06,6.0,0.03465219425433187,0.1019316929576627,0.38833719638241676,False
172,absent,7,200,16,200,0.08377075078547722,0.035,3.5000000000000004,0.017055542008567192,0.07047061152229073,0.08,8.0,0.049840585889759974,0.12598948826714396,0.1880451700086116,False
173,absent,3,200,16,200,0.0035867780520552955,0.015,1.5,0.00511423779325831,0.04316572879269026,0.08,8.0,0.049840585889759974,0.12598948826714396,0.02553630026191542,True
174,absent,5,200,15,200,0.03647232177179617,0.025,2.5,0.010724719651761264,0.05717834040664198,0.075,7.5,0.04597491718438201,0.12004361023629456,0.1043670164392066,False
175,absent,6,200,12,200,0.22707350567093987,0.03,3.0,0.013820314340111346,0.06389429245451925,0.06,6.0,0.03465219425433187,0.1019316929576627,0.38833719638241676,False
176,absent,8,200,14,200,0.2725950163882766,0.04,4.0,0.020405632066152306,0.07693206820093293,0.07,7.000000000000001,0.042152171828342806,0.11405480885610647,0.45202464742866116,False
177,absent,6,200,13,200,0.15685137067685614,0.03,3.0,0.013820314340111346,0.06389429245451925,0.065,6.5,0.03837635464915299,0.10801907929906895,0.30306090794495805,False
178,absent,6,200,14,200,0.10620863572856883,0.03,3.0,0.013820314340111346,0.06389429245451925,0.07,7.000000000000001,0.042152171828342806,0.11405480885610647,0.22660148665215826,False
179,absent,4,200,17,200,0.00581728278944199,0.02,2.0,0.0078044264163494685,0.050287086905826436,0.085,8.5,0.05374575017747561,0.13189587071565567,0.034639274791677305,True
180,absent,18,200,16,200,0.8580053573871912,0.09,9.0,0.05768744886219316,0.13776571876716542,0.08,8.0,0.049840585889759974,0.12598948826714396,0.9422823710244197,False
181,absent,20,200,22,200,0.8706438109444159,0.1,10.0,0.06567044866909588,0.1494058124327174,0.11,11.0,0.07377244460125303,0.1609269099730149,0.9422823710244197,False
182,absent,20,200,22,200,0.8706438109444159,0.1,10.0,0.06567044866909588,0.1494058124327174,0.11,11.0,0.07377244460125303,0.1609269099730149,0.9422823710244197,False
183,absent,21,200,23,200,0.8732296171172865,0.105,10.5,0.06970748792681017,0.1551803199112304,0.115,11.5,0.07786373232561955,0.16664716898487572,0.9422823710244197,False
184,absent,20,200,22,200,0.8706438109444159,0.1,10.0,0.06567044866909588,0.1494058124327174,0.11,11.0,0.07377244460125303,0.1609269099730149,0.9422823710244197,False
185,absent,22,200,22,200,1.0,0.11,11.0,0.07377244460125303,0.1609269099730149,0.11,11.0,0.07377244460125303,0.1609269099730149,1.0,False
186,absent,18,200,22,200,0.6175462804860286,0.09,9.0,0.05768744886219316,0.13776571876716542,0.11,11.0,0.07377244460125303,0.1609269099730149,0.7793695832723482,False
187,absent,22,200,19,200,0.742006267383585,0.11,11.0,0.07377244460125303,0.1609269099730149,0.095,9.5,0.06166310271738653,0.1436016116481994,0.8792210727041105,False
188,absent,17,200,17,200,1.0,0.085,8.5,0.05374575017747561,0.13189587071565567,0.085,8.5,0.05374575017747561,0.13189587071565567,1.0,False
189,absent,20,200,15,200,0.4795470328209326,0.1,10.0,0.06567044866909588,0.1494058124327174,0.075,7.5,0.04597491718438201,0.12004361023629456,0.6543818885368976,False
190,absent,18,200,10,200,0.16920507622916595,0.09,9.0,0.05768744886219316,0.13776571876716542,0.05,5.0,0.02738264560076393,0.08957814813877599,0.32124442008725707,False
191,absent,15,200,10,200,0.4091921332977685,0.075,7.5,0.04597491718438201,0.12004361023629456,0.05,5.0,0.02738264560076393,0.08957814813877599,0.5903542892291593,False
192,absent,17,200,11,200,0.3272883921905186,0.085,8.5,0.05374575017747561,0.13189587071565567,0.055,5.5,0.03098534170345884,0.0957869987723084,0.5008735908523123,False
193,absent,13,200,9,200,0.5114830070456052,0.065,6.5,0.03837635464915299,0.10801907929906895,0.045,4.5,0.023852543001492997,0.0832967040018196,0.6795565306589685,False
194,absent,10,200,8,200,0.8102155801027142,0.05,5.0,0.02738264560076393,0.08957814813877599,0.04,4.0,0.020405632066152306,0.07693206820093293,0.9213388975126351,False
195,absent,6,200,10,200,0.44511031882658353,0.03,3.0,0.013820314340111346,0.06389429245451925,0.05,5.0,0.02738264560076393,0.08957814813877599,0.6163789827302584,False
196,absent,3,200,10,200,0.08704284479400587,0.015,1.5,0.00511423779325831,0.04316572879269026,0.05,5.0,0.02738264560076393,0.08957814813877599,0.19196317622920486,False
197,absent,3,200,10,200,0.08704284479400587,0.015,1.5,0.00511423779325831,0.04316572879269026,0.05,5.0,0.02738264560076393,0.08957814813877599,0.19196317622920486,False
198,absent,6,200,10,200,0.44511031882658353,0.03,3.0,0.013820314340111346,0.06389429245451925,0.05,5.0,0.02738264560076393,0.08957814813877599,0.6163789827302584,False
199,absent,4,200,11,200,0.11156276084831519,0.02,2.0,0.0078044264163494685,0.050287086905826436,0.055,5.5,0.03098534170345884,0.0957869987723084,0.23421028319117454,False
200,absent,6,200,11,200,0.3216938074971832,0.03,3.0,0.013820314340111346,0.06389429245451925,0.055,5.5,0.03098534170345884,0.0957869987723084,0.4993114784612677,False
201,absent,5,200,9,200,0.4155335222430817,0.025,2.5,0.010724719651761264,0.05717834040664198,0.045,4.5,0.023852543001492997,0.0832967040018196,0.5942673735135776,False
202,absent,6,200,9,200,0.6001886576698091,0.03,3.0,0.013820314340111346,0.06389429245451925,0.045,4.5,0.023852543001492997,0.0832967040018196,0.7612840878452465,False
203,absent,6,200,8,200,0.7867672840905648,0.03,3.0,0.013820314340111346,0.06389429245451925,0.04,4.0,0.020405632066152306,0.07693206820093293,0.9104815743450884,False
204,absent,5,200,8,200,0.574633705892003,0.025,2.5,0.010724719651761264,0.05717834040664198,0.04,4.0,0.020405632066152306,0.07693206820093293,0.738009955606396,False
205,absent,5,200,7,200,0.7709566108649247,0.025,2.5,0.010724719651761264,0.05717834040664198,0.035,3.5000000000000004,0.017055542008567192,0.07047061152229073,0.90013650644657,False
206,absent,4,200,6,200,0.7507751653886873,0.02,2.0,0.0078044264163494685,0.050287086905826436,0.03,3.0,0.013820314340111346,0.06389429245451925,0.8844563549093348,False
207,absent,2,200,7,200,0.17473480578839212,0.01,1.0,0.0027466581335444384,0.0357217617161768,0.035,3.5000000000000004,0.017055542008567192,0.07047061152229073,0.3260720734797631,False
208,absent,0,200,4,200,0.12312266813128539,0.0,0.0,0.0,0.018845326377266575,0.02,2.0,0.0078044264163494685,0.050287086905826436,0.25280673236988066,False
209,absent,2,200,3,200,1.0,0.01,1.0,0.0027466581335444384,0.0357217617161768,0.015,1.5,0.00511423779325831,0.04316572879269026,1.0,False
210,absent,1,200,3,200,0.6231131986136627,0.005,0.5,0.0008831687156009814,0.02777370439789293,0.015,1.5,0.00511423779325831,0.04316572879269026,0.7818757568811284,False
211,absent,1,200,2,200,1.0,0.005,0.5,0.0008831687156009814,0.02777370439789293,0.01,1.0,0.0027466581335444384,0.0357217617161768,1.0,False
212,absent,2,200,4,200,0.6851325456772371,0.01,1.0,0.0027466581335444384,0.0357217617161768,0.02,2.0,0.0078044264163494685,0.050287086905826436,0.8310404026270192,False
213,absent,2,200,5,200,0.44898195493516496,0.01,1.0,0.0027466581335444384,0.0357217617161768,0.025,2.5,0.010724719651761264,0.05717834040664198,0.616526583820824,False
214,absent,5,200,5,200,1.0,0.025,2.5,0.010724719651761264,0.05717834040664198,0.025,2.5,0.010724719651761264,0.05717834040664198,1.0,False
215,absent,6,200,5,200,1.0,0.03,3.0,0.013820314340111346,0.06389429245451925,0.025,2.5,0.010724719651761264,0.05717834040664198,1.0,False
216,absent,5,200,10,200,0.29243009862526353,0.025,2.5,0.010724719651761264,0.05717834040664198,0.05,5.0,0.02738264560076393,0.08957814813877599,0.4604368139412202,False
217,absent,5,200,8,200,0.574633705892003,0.025,2.5,0.010724719651761264,0.05717834040664198,0.04,4.0,0.020405632066152306,0.07693206820093293,0.738009955606396,False
218,absent,2,200,11,200,0.020401029390464672,0.01,1.0,0.0027466581335444384,0.0357217617161768,0.055,5.5,0.03098534170345884,0.0957869987723084,0.07184233468147505,False
219,absent,2,200,6,200,0.28409716587759604,0.01,1.0,0.0027466581335444384,0.0357217617161768,0.03,3.0,0.013820314340111346,0.06389429245451925,0.45946578678969235,False
220,absent,7,200,9,200,0.7995750933253848,0.035,3.5000000000000004,0.017055542008567192,0.07047061152229073,0.045,4.5,0.023852543001492997,0.0832967040018196,0.9172008513627444,False
221,absent,0,200,15,200,4.647956547037642e-05,0.0,0.0,0.0,0.018845326377266575,0.075,7.5,0.04597491718438201,0.12004361023629456,0.00200493594282866,True
222,absent,1,200,14,200,0.0007961499762828994,0.005,0.5,0.0008831687156009814,0.02777370439789293,0.07,7.000000000000001,0.042152171828342806,0.11405480885610647,0.01159354501909248,True
223,absent,1,200,13,200,0.0015407424057031092,0.005,0.5,0.0008831687156009814,0.02777370439789293,0.065,6.5,0.03837635464915299,0.10801907929906895,0.01627719799573446,True
224,absent,1,200,13,200,0.0015407424057031092,0.005,0.5,0.0008831687156009814,0.02777370439789293,0.065,6.5,0.03837635464915299,0.10801907929906895,0.01627719799573446,True
225,absent,2,200,12,200,0.011477882860039847,0.01,1.0,0.0027466581335444384,0.0357217617161768,0.06,6.0,0.03465219425433187,0.1019316929576627,0.052402374472374,False
226,absent,1,200,13,200,0.0015407424057031092,0.005,0.5,0.0008831687156009814,0.02777370439789293,0.065,6.5,0.03837635464915299,0.10801907929906895,0.01627719799573446,True
227,absent,1,200,10,200,0.010666249828797427,0.005,0.5,0.0008831687156009814,0.02777370439789293,0.05,5.0,0.02738264560076393,0.08957814813877599,0.050626040854074746,False
228,absent,1,200,11,200,0.005643517820915923,0.005,0.5,0.0008831687156009814,0.02777370439789293,0.055,5.5,0.03098534170345884,0.0957869987723084,0.03422689048796231,True
229,absent,1,200,10,200,0.010666249828797427,0.005,0.5,0.0008831687156009814,0.02777370439789293,0.05,5.0,0.02738264560076393,0.08957814813877599,0.050626040854074746,False
230,absent,0,200,9,200,0.003563049434584152,0.0,0.0,0.0,0.018845326377266575,0.045,4.5,0.023852543001492997,0.0832967040018196,0.02553630026191542,True
231,absent,0,200,9,200,0.003563049434584152,0.0,0.0,0.0,0.018845326377266575,0.045,4.5,0.023852543001492997,0.0832967040018196,0.02553630026191542,True
232,absent,0,200,7,200,0.014812962642872846,0.0,0.0,0.0,0.018845326377266575,0.035,3.5000000000000004,0.017055542008567192,0.07047061152229073,0.06102195302567116,False
233,absent,0,200,5,200,0.06093950240841398,0.0,0.0,0.0,0.018845326377266575,0.025,2.5,0.010724719651761264,0.05717834040664198,0.15036436774888046,False
234,absent,0,200,7,200,0.014812962642872846,0.0,0.0,0.0,0.018845326377266575,0.035,3.5000000000000004,0.017055542008567192,0.07047061152229073,0.06102195302567116,False
235,absent,0,200,5,200,0.06093950240841398,0.0,0.0,0.0,0.018845326377266575,0.025,2.5,0.010724719651761264,0.05717834040664198,0.15036436774888046,False
236,absent,0,200,5,200,0.06093950240841398,0.0,0.0,0.0,0.018845326377266575,0.025,2.5,0.010724719651761264,0.05717834040664198,0.15036436774888046,False
237,absent,0,200,5,200,0.06093950240841398,0.0,0.0,0.0,0.018845326377266575,0.025,2.5,0.010724719651761264,0.05717834040664198,0.15036436774888046,False
238,absent,1,200,7,200,0.06758178630705092,0.005,0.5,0.0008831687156009814,0.02777370439789293,0.035,3.5000000000000004,0.017055542008567192,0.07047061152229073,0.16038431170695056,False
239,absent,2,200,6,200,0.28409716587759604,0.01,1.0,0.0027466581335444384,0.0357217617161768,0.03,3.0,0.013820314340111346,0.06389429245451925,0.45946578678969235,False
240,absent,2,200,5,200,0.44898195493516496,0.01,1.0,0.0027466581335444384,0.0357217617161768,0.025,2.5,0.010724719651761264,0.05717834040664198,0.616526583820824,False
241,absent,10,200,27,200,0.005149332204798404,0.05,5.0,0.02738264560076393,0.08957814813877599,0.135,13.5,0.09446570454787906,0.18929138370752552,0.03306679013865642,True
242,absent,10,200,25,200,0.012280896990802828,0.05,5.0,0.02738264560076393,0.08957814813877599,0.125,12.5,0.08611974475712644,0.17801425002582347,0.05252759223622561,False
243,absent,10,200,25,200,0.012280896990802828,0.05,5.0,0.02738264560076393,0.08957814813877599,0.125,12.5,0.08611974475712644,0.17801425002582347,0.05252759223622561,False
244,absent,10,200,21,200,0.059985753289696554,0.05,5.0,0.02738264560076393,0.08957814813877599,0.105,10.5,0.06970748792681017,0.1551803199112304,0.15036436774888046,False
245,absent,10,200,23,200,0.027880498868336313,0.05,5.0,0.02738264560076393,0.08957814813877599,0.115,11.5,0.07786373232561955,0.16664716898487572,0.0873766830562693,False
246,absent,10,200,20,200,0.08609680423939847,0.05,5.0,0.02738264560076393,0.08957814813877599,0.1,10.0,0.06567044866909588,0.1494058124327174,0.19181430876464625,False
247,absent,10,200,18,200,0.16920507622916595,0.05,5.0,0.02738264560076393,0.08957814813877599,0.09,9.0,0.05768744886219316,0.13776571876716542,0.32124442008725707,False
248,absent,10,200,12,200,0.8269930500254706,0.05,5.0,0.02738264560076393,0.08957814813877599,0.06,6.0,0.03465219425433187,0.1019316929576627,0.9307224188430985,False
249,absent,10,200,13,200,0.668403345882152,0.05,5.0,0.02738264560076393,0.08957814813877599,0.065,6.5,0.03837635464915299,0.10801907929906895,0.8244900029243118,False
250,absent,5,200,11,200,0.2008219665044715,0.025,2.5,0.010724719651761264,0.05717834040664198,0.055,5.5,0.03098534170345884,0.0957869987723084,0.35744127190333924,False
251,absent,5,200,12,200,0.13489187141753786,0.025,2.5,0.010724719651761264,0.05717834040664198,0.06,6.0,0.03465219425433187,0.1019316929576627,0.27185900239534555,False
252,absent,6,200,13,200,0.15685137067685614,0.03,3.0,0.013820314340111346,0.06389429245451925,0.065,6.5,0.03837635464915299,0.10801907929906895,0.30306090794495805,False
253,absent,3,200,14,200,0.010967814413898267,0.015,1.5,0.00511423779325831,0.04316572879269026,0.07,7.000000000000001,0.042152171828342806,0.11405480885610647,0.050949776178038045,False
254,absent,3,200,13,200,0.018825923802957983,0.015,1.5,0.00511423779325831,0.04316572879269026,0.065,6.5,0.03837635464915299,0.10801907929906895,0.06966655418608744,False
255,absent,3,200,9,200,0.13991613369653352,0.015,1.5,0.00511423779325831,0.04316572879269026,0.045,4.5,0.023852543001492997,0.0832967040018196,0.2785564363867157,False
256,absent,3,200,12,200,0.03186704151246134,0.015,1.5,0.00511423779325831,0.04316572879269026,0.06,6.0,0.03465219425433187,0.1019316929576627,0.0946435246389742,False
257,absent,3,200,13,200,0.018825923802957983,0.015,1.5,0.00511423779325831,0.04316572879269026,0.065,6.5,0.03837635464915299,0.10801907929906895,0.06966655418608744,False
258,absent,3,200,14,200,0.010967814413898267,0.015,1.5,0.00511423779325831,0.04316572879269026,0.07,7.000000000000001,0.042152171828342806,0.11405480885610647,0.050949776178038045,False
259,absent,3,200,13,200,0.018825923802957983,0.015,1.5,0.00511423779325831,0.04316572879269026,0.065,6.5,0.03837635464915299,0.10801907929906895,0.06966655418608744,False
260,absent,1,200,11,200,0.005643517820915923,0.005,0.5,0.0008831687156009814,0.02777370439789293,0.055,5.5,0.03098534170345884,0.0957869987723084,0.03422689048796231,True
261,absent,10,200,30,200,0.001284932759445199,0.05,5.0,0.02738264560076393,0.08957814813877599,0.15,15.0,0.10713593562241995,0.20605579284166659,0.015879829385596327,True
262,absent,15,200,31,200,0.01795277128363907,0.075,7.5,0.04597491718438201,0.12004361023629456,0.155,15.5,0.11139636927689314,0.21160690592342077,0.06836665808595112,False
263,absent,18,200,29,200,0.11977099635741192,0.09,9.0,0.05768744886219316,0.13776571876716542,0.145,14.499999999999998,0.10289350642004402,0.20048667530781522,0.24904762734636446,False
264,absent,15,200,28,200,0.051721161936055936,0.075,7.5,0.04597491718438201,0.12004361023629456,0.14,14.000000000000002,0.09866982633455634,0.1948988086570756,0.13827494313516994,False
265,absent,16,200,28,200,0.07783801503323065,0.08,8.0,0.049840585889759974,0.12598948826714396,0.14,14.000000000000002,0.09866982633455634,0.1948988086570756,0.17764425033716405,False
266,absent,12,200,26,200,0.02555072685751596,0.06,6.0,0.03465219425433187,0.1019316929576627,0.13,13.0,0.0902820227966932,0.18366351872248407,0.0828501291666978,False
267,absent,10,200,25,200,0.012280896990802828,0.05,5.0,0.02738264560076393,0.08957814813877599,0.125,12.5,0.08611974475712644,0.17801425002582347,0.05252759223622561,False
268,absent,7,200,20,200,0.01535311140193476,0.035,3.5000000000000004,0.017055542008567192,0.07047061152229073,0.1,10.0,0.06567044866909588,0.1494058124327174,0.06195499779016135,False
269,absent,8,200,23,200,0.007914094580714081,0.04,4.0,0.020405632066152306,0.07693206820093293,0.115,11.5,0.07786373232561955,0.16664716898487572,0.04146985560294179,True
270,absent,4,200,14,200,0.02727390432761944,0.02,2.0,0.0078044264163494685,0.050287086905826436,0.07,7.000000000000001,0.042152171828342806,0.11405480885610647,0.0863014847081678,False
271,absent,2,200,15,200,0.001910189414688392,0.01,1.0,0.0027466581335444384,0.0357217617161768,0.075,7.5,0.04597491718438201,0.12004361023629456,0.018399618626777893,True
272,absent,2,200,13,200,0.006380593196934474,0.01,1.0,0.0027466581335444384,0.0357217617161768,0.065,6.5,0.03837635464915299,0.10801907929906895,0.03617149648870471,True
273,absent,2,200,12,200,0.011477882860039847,0.01,1.0,0.0027466581335444384,0.0357217617161768,0.06,6.0,0.03465219425433187,0.1019316929576627,0.052402374472374,False
274,absent,5,200,14,200,0.05739321595882797,0.025,2.5,0.010724719651761264,0.05717834040664198,0.07,7.000000000000001,0.042152171828342806,0.11405480885610647,0.14570758315128807,False
275,absent,3,200,15,200,0.006308931581406504,0.015,1.5,0.00511423779325831,0.04316572879269026,0.075,7.5,0.04597491718438201,0.12004361023629456,0.03617149648870471,True
276,absent,7,200,13,200,0.25090216415224686,0.035,3.5000000000000004,0.017055542008567192,0.07047061152229073,0.065,6.5,0.03837635464915299,0.10801907929906895,0.4203092519685977,False
277,absent,10,200,17,200,0.2313092360711259,0.05,5.0,0.02738264560076393,0.08957814813877599,0.085,8.5,0.05374575017747561,0.13189587071565567,0.39250660525022657,False
278,absent,13,200,17,200,0.5696909205352674,0.065,6.5,0.03837635464915299,0.10801907929906895,0.085,8.5,0.05374575017747561,0.13189587071565567,0.7359912286994086,False
279,absent,14,200,19,200,0.4677550793774621,0.07,7.000000000000001,0.042152171828342806,0.11405480885610647,0.095,9.5,0.06166310271738653,0.1436016116481994,0.6409614581427566,False
280,absent,18,200,20,200,0.8648429794198002,0.09,9.0,0.05768744886219316,0.13776571876716542,0.1,10.0,0.06567044866909588,0.1494058124327174,0.9422823710244197,False
281,absent,32,200,17,200,0.03193315869498214,0.16,16.0,0.1156741203158702,0.21714070162067106,0.085,8.5,0.05374575017747561,0.13189587071565567,0.0946435246389742,False
282,absent,32,200,14,200,0.007174520799585812,0.16,16.0,0.1156741203158702,0.21714070162067106,0.07,7.000000000000001,0.042152171828342806,0.11405480885610647,0.038811709811597254,True
283,absent,31,200,15,200,0.01795277128363907,0.155,15.5,0.11139636927689314,0.21160690592342077,0.075,7.5,0.04597491718438201,0.12004361023629456,0.06836665808595112,False
284,absent,31,200,17,200,0.044593297690138395,0.155,15.5,0.11139636927689314,0.21160690592342077,0.085,8.5,0.05374575017747561,0.13189587071565567,0.12119755181344667,False
285,absent,30,200,13,200,0.009147150305754283,0.15,15.0,0.10713593562241995,0.20605579284166659,0.065,6.5,0.03837635464915299,0.10801907929906895,0.04695277940562363,True
286,absent,29,200,14,200,0.02292203743971193,0.145,14.499999999999998,0.10289350642004402,0.20048667530781522,0.07,7.000000000000001,0.042152171828342806,0.11405480885610647,0.07660170675005772,False
287,absent,26,200,12,200,0.02555072685751596,0.13,13.0,0.0902820227966932,0.18366351872248407,0.06,6.0,0.03465219425433187,0.1019316929576627,0.0828501291666978,False
288,absent,25,200,9,200,0.006405944416320224,0.125,12.5,0.08611974475712644,0.17801425002582347,0.045,4.5,0.023852543001492997,0.0832967040018196,0.03617149648870471,True
289,absent,18,200,10,200,0.16920507622916595,0.09,9.0,0.05768744886219316,0.13776571876716542,0.05,5.0,0.02738264560076393,0.08957814813877599,0.32124442008725707,False
290,absent,15,200,8,200,0.1966221350057588,0.075,7.5,0.04597491718438201,0.12004361023629456,0.04,4.0,0.020405632066152306,0.07693206820093293,0.3509196142473352,False
291,absent,11,200,8,200,0.6394096021951571,0.055,5.5,0.03098534170345884,0.0957869987723084,0.04,4.0,0.020405632066152306,0.07693206820093293,0.7947121241704515,False
292,absent,15,200,10,200,0.4091921332977685,0.075,7.5,0.04597491718438201,0.12004361023629456,0.05,5.0,0.02738264560076393,0.08957814813877599,0.5903542892291593,False
293,absent,11,200,8,200,0.6394096021951571,0.055,5.5,0.03098534170345884,0.0957869987723084,0.04,4.0,0.020405632066152306,0.07693206820093293,0.7947121241704515,False
294,absent,11,200,8,200,0.6394096021951571,0.055,5.5,0.03098534170345884,0.0957869987723084,0.04,4.0,0.020405632066152306,0.07693206820093293,0.7947121241704515,False
295,absent,10,200,8,200,0.8102155801027142,0.05,5.0,0.02738264560076393,0.08957814813877599,0.04,4.0,0.020405632066152306,0.07693206820093293,0.9213388975126351,False
296,absent,12,200,10,200,0.8269930500254706,0.06,6.0,0.03465219425433187,0.1019316929576627,0.05,5.0,0.02738264560076393,0.08957814813877599,0.9307224188430985,False
297,absent,13,200,9,200,0.5114830070456052,0.065,6.5,0.03837635464915299,0.10801907929906895,0.045,4.5,0.023852543001492997,0.0832967040018196,0.6795565306589685,False
298,absent,11,200,10,200,1.0,0.055,5.5,0.03098534170345884,0.0957869987723084,0.05,5.0,0.02738264560076393,0.08957814813877599,1.0,False
299,absent,11,200,12,200,1.0,0.055,5.5,0.03098534170345884,0.0957869987723084,0.06,6.0,0.03465219425433187,0.1019316929576627,1.0,False
300,absent,9,200,15,200,0.29241110834923395,0.045,4.5,0.023852543001492997,0.0832967040018196,0.075,7.5,0.04597491718438201,0.12004361023629456,0.4604368139412202,False
301,absent,15,200,13,200,0.845039026929636,0.075,7.5,0.04597491718438201,0.12004361023629456,0.065,6.5,0.03837635464915299,0.10801907929906895,0.9413274874811421,False
302,absent,19,200,10,200,0.12168092523899227,0.095,9.5,0.06166310271738653,0.1436016116481994,0.05,5.0,0.02738264560076393,0.08957814813877599,0.25148411178484265,False
303,absent,15,200,11,200,0.5436672529354749,0.075,7.5,0.04597491718438201,0.12004361023629456,0.055,5.5,0.03098534170345884,0.0957869987723084,0.7107825362729263,False
304,absent,13,200,11,200,0.833761889580177,0.065,6.5,0.03837635464915299,0.10801907929906895,0.055,5.5,0.03098534170345884,0.0957869987723084,0.9335282695299418,False
305,absent,16,200,11,200,0.42587567755228606,0.08,8.0,0.049840585889759974,0.12598948826714396,0.055,5.5,0.03098534170345884,0.0957869987723084,0.6000412245335998,False
306,absent,15,200,11,200,0.5436672529354749,0.075,7.5,0.04597491718438201,0.12004361023629456,0.055,5.5,0.03098534170345884,0.0957869987723084,0.7107825362729263,False
307,absent,17,200,11,200,0.3272883921905186,0.085,8.5,0.05374575017747561,0.13189587071565567,0.055,5.5,0.03098534170345884,0.0957869987723084,0.5008735908523123,False
308,absent,15,200,8,200,0.1966221350057588,0.075,7.5,0.04597491718438201,0.12004361023629456,0.04,4.0,0.020405632066152306,0.07693206820093293,0.3509196142473352,False
309,absent,15,200,8,200,0.1966221350057588,0.075,7.5,0.04597491718438201,0.12004361023629456,0.04,4.0,0.020405632066152306,0.07693206820093293,0.3509196142473352,False
310,absent,17,200,7,200,0.05608175067837895,0.085,8.5,0.05374575017747561,0.13189587071565567,0.035,3.5000000000000004,0.017055542008567192,0.07047061152229073,0.1440531242915224,False
311,absent,16,200,7,200,0.08377075078547722,0.08,8.0,0.049840585889759974,0.12598948826714396,0.035,3.5000000000000004,0.017055542008567192,0.07047061152229073,0.1880451700086116,False
312,absent,17,200,7,200,0.05608175067837895,0.085,8.5,0.05374575017747561,0.13189587071565567,0.035,3.5000000000000004,0.017055542008567192,0.07047061152229073,0.1440531242915224,False
313,absent,11,200,6,200,0.3216938074971832,0.055,5.5,0.03098534170345884,0.0957869987723084,0.03,3.0,0.013820314340111346,0.06389429245451925,0.4993114784612677,False
314,absent,10,200,4,200,0.1718518734406313,0.05,5.0,0.02738264560076393,0.08957814813877599,0.02,2.0,0.0078044264163494685,0.050287086905826436,0.3234568307575101,False
315,absent,9,200,7,200,0.7995750933253848,0.045,4.5,0.023852543001492997,0.0832967040018196,0.035,3.5000000000000004,0.017055542008567192,0.07047061152229073,0.9172008513627444,False
316,absent,8,200,4,200,0.38032436917521395,0.04,4.0,0.020405632066152306,0.07693206820093293,0.02,2.0,0.0078044264163494685,0.050287086905826436,0.5585481206496976,False
317,absent,6,200,4,200,0.7507751653886873,0.03,3.0,0.013820314340111346,0.06389429245451925,0.02,2.0,0.0078044264163494685,0.050287086905826436,0.8844563549093348,False
318,absent,10,200,6,200,0.44511031882658353,0.05,5.0,0.02738264560076393,0.08957814813877599,0.03,3.0,0.013820314340111346,0.06389429245451925,0.6163789827302584,False
319,absent,10,200,5,200,0.29243009862526353,0.05,5.0,0.02738264560076393,0.08957814813877599,0.025,2.5,0.010724719651761264,0.05717834040664198,0.4604368139412202,False
320,absent,12,200,6,200,0.22707350567093987,0.06,6.0,0.03465219425433187,0.1019316929576627,0.03,3.0,0.013820314340111346,0.06389429245451925,0.38833719638241676,False
321,absent,11,200,17,200,0.3272883921905186,0.055,5.5,0.03098534170345884,0.0957869987723084,0.085,8.5,0.05374575017747561,0.13189587071565567,0.5008735908523123,False
322,absent,12,200,17,200,0.4410701337191535,0.06,6.0,0.03465219425433187,0.1019316929576627,0.085,8.5,0.05374575017747561,0.13189587071565567,0.6163789827302584,False
323,absent,12,200,18,200,0.34271306144800756,0.06,6.0,0.03465219425433187,0.1019316929576627,0.09,9.0,0.05768744886219316,0.13776571876716542,0.5172282378996427,False
324,absent,12,200,17,200,0.4410701337191535,0.06,6.0,0.03465219425433187,0.1019316929576627,0.085,8.5,0.05374575017747561,0.13189587071565567,0.6163789827302584,False
325,absent,12,200,15,200,0.690906722164461,0.06,6.0,0.03465219425433187,0.1019316929576627,0.075,7.5,0.04597491718438201,0.12004361023629456,0.8364951996630721,False
326,absent,13,200,16,200,0.7004087853972961,0.065,6.5,0.03837635464915299,0.10801907929906895,0.08,8.0,0.049840585889759974,0.12598948826714396,0.8448761591809004,False
327,absent,12,200,16,200,0.5573253913679761,0.06,6.0,0.03465219425433187,0.1019316929576627,0.08,8.0,0.049840585889759974,0.12598948826714396,0.7243018479087784,False
328,absent,7,200,10,200,0.6214196207257269,0.035,3.5000000000000004,0.017055542008567192,0.07047061152229073,0.05,5.0,0.02738264560076393,0.08957814813877599,0.7812473158835913,False
329,absent,4,200,12,200,0.07099039464097141,0.02,2.0,0.0078044264163494685,0.050287086905826436,0.06,6.0,0.03465219425433187,0.1019316929576627,0.16486994023243356,False
330,absent,3,200,8,200,0.220052212189427,0.015,1.5,0.00511423779325831,0.04316572879269026,0.04,4.0,0.020405632066152306,0.07693206820093293,0.3813074047197743,False
331,absent,2,200,4,200,0.6851325456772371,0.01,1.0,0.0027466581335444384,0.0357217617161768,0.02,2.0,0.0078044264163494685,0.050287086905826436,0.8310404026270192,False
332,absent,2,200,5,200,0.44898195493516496,0.01,1.0,0.0027466581335444384,0.0357217617161768,0.025,2.5,0.010724719651761264,0.05717834040664198,0.616526583820824,False
333,absent,1,200,5,200,0.215216723695538,0.005,0.5,0.0008831687156009814,0.02777370439789293,0.025,2.5,0.010724719651761264,0.05717834040664198,0.3769169893598326,False
334,absent,1,200,6,200,0.1217106311996872,0.005,0.5,0.0008831687156009814,0.02777370439789293,0.03,3.0,0.013820314340111346,0.06389429245451925,0.25148411178484265,False
335,absent,2,200,3,200,1.0,0.01,1.0,0.0027466581335444384,0.0357217617161768,0.015,1.5,0.00511423779325831,0.04316572879269026,1.0,False
336,absent,3,200,7,200,0.3375196998342148,0.015,1.5,0.00511423779325831,0.04316572879269026,0.035,3.5000000000000004,0.017055542008567192,0.07047061152229073,0.5117486189615988,False
337,absent,3,200,6,200,0.5028218860560039,0.015,1.5,0.00511423779325831,0.04316572879269026,0.03,3.0,0.013820314340111346,0.06389429245451925,0.6735139782549745,False
338,absent,6,200,10,200,0.44511031882658353,0.03,3.0,0.013820314340111346,0.06389429245451925,0.05,5.0,0.02738264560076393,0.08957814813877599,0.6163789827302584,False
339,absent,6,200,9,200,0.6001886576698091,0.03,3.0,0.013820314340111346,0.06389429245451925,0.045,4.5,0.023852543001492997,0.0832967040018196,0.7612840878452465,False
340,absent,9,200,11,200,0.8192315853524278,0.045,4.5,0.023852543001492997,0.0832967040018196,0.055,5.5,0.03098534170345884,0.0957869987723084,0.9283679730204847,False
341,absent,18,200,30,200,0.0897395188388786,0.09,9.0,0.05768744886219316,0.13776571876716542,0.15,15.0,0.10713593562241995,0.20605579284166659,0.1969303037659362,False
342,absent,20,200,30,200,0.17316087308572756,0.1,10.0,0.06567044866909588,0.1494058124327174,0.15,15.0,0.10713593562241995,0.20605579284166659,0.32405820534614727,False
343,absent,17,200,33,200,0.022599236773784764,0.085,8.5,0.05374575017747561,0.13189587071565567,0.165,16.5,0.11996855328217307,0.2226578153905955,0.07660170675005772,False
344,absent,19,200,33,200,0.05246515936605619,0.095,9.5,0.06166310271738653,0.1436016116481994,0.165,16.5,0.11996855328217307,0.2226578153905955,0.13856725558373711,False
345,absent,20,200,30,200,0.17316087308572756,0.1,10.0,0.06567044866909588,0.1494058124327174,0.15,15.0,0.10713593562241995,0.20605579284166659,0.32405820534614727,False
346,absent,21,200,30,200,0.2301786783044814,0.105,10.5,0.06970748792681017,0.1551803199112304,0.15,15.0,0.10713593562241995,0.20605579284166659,0.39250660525022657,False
347,absent,21,200,29,200,0.28986398318259216,0.105,10.5,0.06970748792681017,0.1551803199112304,0.145,14.499999999999998,0.10289350642004402,0.20048667530781522,0.4604368139412202,False
348,absent,20,200,23,200,0.7471674486640856,0.1,10.0,0.06567044866909588,0.1494058124327174,0.115,11.5,0.07786373232561955,0.16664716898487572,0.8833838968862384,False
349,absent,16,200,21,200,0.49046582384600745,0.08,8.0,0.049840585889759974,0.12598948826714396,0.105,10.5,0.06970748792681017,0.1551803199112304,0.6621048335083061,False
350,absent,14,200,16,200,0.8498006309539005,0.07,7.000000000000001,0.042152171828342806,0.11405480885610647,0.08,8.0,0.049840585889759974,0.12598948826714396,0.9422823710244197,False
351,absent,12,200,11,200,1.0,0.06,6.0,0.03465219425433187,0.1019316929576627,0.055,5.5,0.03098534170345884,0.0957869987723084,1.0,False
352,absent,14,200,11,200,0.680311326115725,0.07,7.000000000000001,0.042152171828342806,0.11405480885610647,0.055,5.5,0.03098534170345884,0.0957869987723084,0.8310404026270192,False
353,absent,10,200,9,200,1.0,0.05,5.0,0.02738264560076393,0.08957814813877599,0.045,4.5,0.023852543001492997,0.0832967040018196,1.0,False
354,absent,3,200,8,200,0.220052212189427,0.015,1.5,0.00511423779325831,0.04316572879269026,0.04,4.0,0.020405632066152306,0.07693206820093293,0.3813074047197743,False
355,absent,2,200,9,200,0.061813965825287094,0.01,1.0,0.0027466581335444384,0.0357217617161768,0.045,4.5,0.023852543001492997,0.0832967040018196,0.1505135599091563,False
356,absent,1,200,8,200,0.03696663788381058,0.005,0.5,0.0008831687156009814,0.02777370439789293,0.04,4.0,0.020405632066152306,0.07693206820093293,0.1043670164392066,False
357,absent,0,200,9,200,0.003563049434584152,0.0,0.0,0.0,0.018845326377266575,0.045,4.5,0.023852543001492997,0.0832967040018196,0.02553630026191542,True
358,absent,1,200,11,200,0.005643517820915923,0.005,0.5,0.0008831687156009814,0.02777370439789293,0.055,5.5,0.03098534170345884,0.0957869987723084,0.03422689048796231,True
359,absent,0,200,12,200,0.0004119833403449631,0.0,0.0,0.0,0.018845326377266575,0.06,6.0,0.03465219425433187,0.1019316929576627,0.0069192073827166875,True
360,absent,0,200,11,200,0.0008479445470592097,0.0,0.0,0.0,0.018845326377266575,0.055,5.5,0.03098534170345884,0.0957869987723084,0.01159354501909248,True
361,absent,29,200,20,200,0.22217617932641068,0.145,14.499999999999998,0.10289350642004402,0.20048667530781522,0.1,10.0,0.06567044866909588,0.1494058124327174,0.3839720249572533,False
362,absent,26,200,21,200,0.53490950815383,0.13,13.0,0.0902820227966932,0.18366351872248407,0.105,10.5,0.06970748792681017,0.1551803199112304,0.7035456382344552,False
363,absent,16,200,19,200,0.7238993060306494,0.08,8.0,0.049840585889759974,0.12598948826714396,0.095,9.5,0.06166310271738653,0.1436016116481994,0.8652446084855391,False
364,absent,19,200,19,200,1.0,0.095,9.5,0.06166310271738653,0.1436016116481994,0.095,9.5,0.06166310271738653,0.1436016116481994,1.0,False
365,absent,7,200,18,200,0.03695242895232356,0.035,3.5000000000000004,0.017055542008567192,0.07047061152229073,0.09,9.0,0.05768744886219316,0.13776571876716542,0.1043670164392066,False
366,absent,15,200,18,200,0.7167824247885825,0.075,7.5,0.04597491718438201,0.12004361023629456,0.09,9.0,0.05768744886219316,0.13776571876716542,0.8583043660631107,False
367,absent,15,200,18,200,0.7167824247885825,0.075,7.5,0.04597491718438201,0.12004361023629456,0.09,9.0,0.05768744886219316,0.13776571876716542,0.8583043660631107,False
368,absent,19,200,17,200,0.8615714328865997,0.095,9.5,0.06166310271738653,0.1436016116481994,0.085,8.5,0.05374575017747561,0.13189587071565567,0.9422823710244197,False
369,absent,30,200,17,200,0.061523130620915974,0.15,15.0,0.10713593562241995,0.20605579284166659,0.085,8.5,0.05374575017747561,0.13189587071565567,0.15036436774888046,False
370,absent,29,200,10,200,0.0020629522740538853,0.145,14.499999999999998,0.10289350642004402,0.20048667530781522,0.05,5.0,0.02738264560076393,0.08957814813877599,0.018767135270906874,True
371,absent,30,200,14,200,0.015745205487565927,0.15,15.0,0.10713593562241995,0.20605579284166659,0.07,7.000000000000001,0.042152171828342806,0.11405480885610647,0.06250369451124656,False
372,absent,14,200,11,200,0.680311326115725,0.07,7.000000000000001,0.042152171828342806,0.11405480885610647,0.055,5.5,0.03098534170345884,0.0957869987723084,0.8310404026270192,False
373,absent,14,200,12,200,0.8397294114926835,0.07,7.000000000000001,0.042152171828342806,0.11405480885610647,0.06,6.0,0.03465219425433187,0.1019316929576627,0.9370064131647492,False
374,absent,25,200,11,200,0.022011515825250978,0.125,12.5,0.08611974475712644,0.17801425002582347,0.055,5.5,0.03098534170345884,0.0957869987723084,0.07588180455547047,False
375,absent,11,200,7,200,0.470382853224137,0.055,5.5,0.03098534170345884,0.0957869987723084,0.035,3.5000000000000004,0.017055542008567192,0.07047061152229073,0.6432166364547176,False
376,absent,14,200,7,200,0.17741308261074723,0.07,7.000000000000001,0.042152171828342806,0.11405480885610647,0.035,3.5000000000000004,0.017055542008567192,0.07047061152229073,0.326420137949549,False
377,absent,20,200,9,200,0.052198246866101236,0.1,10.0,0.06567044866909588,0.1494058124327174,0.045,4.5,0.023852543001492997,0.0832967040018196,0.13842045221577454,False
378,absent,25,200,11,200,0.022011515825250978,0.125,12.5,0.08611974475712644,0.17801425002582347,0.055,5.5,0.03098534170345884,0.0957869987723084,0.07588180455547047,False
379,absent,31,200,10,200,0.0007921870668596977,0.155,15.5,0.11139636927689314,0.21160690592342077,0.05,5.0,0.02738264560076393,0.08957814813877599,0.01159354501909248,True
380,absent,39,200,14,200,0.0003282830062628279,0.195,19.5,0.1460552053440051,0.25544044374612745,0.07,7.000000000000001,0.042152171828342806,0.11405480885610647,0.0063242755618280085,True
381,absent,39,200,30,200,0.28968845540338256,0.195,19.5,0.1460552053440051,0.25544044374612745,0.15,15.0,0.10713593562241995,0.20605579284166659,0.4604368139412202,False
382,absent,25,200,26,200,1.0,0.125,12.5,0.08611974475712644,0.17801425002582347,0.13,13.0,0.0902820227966932,0.18366351872248407,1.0,False
383,absent,17,200,26,200,0.19613169049270807,0.085,8.5,0.05374575017747561,0.13189587071565567,0.13,13.0,0.0902820227966932,0.18366351872248407,0.3509196142473352,False
384,absent,18,200,21,200,0.7364438098686104,0.09,9.0,0.05768744886219316,0.13776571876716542,0.105,10.5,0.06970748792681017,0.1551803199112304,0.8754459082830124,False
385,absent,13,200,24,200,0.0832502285148416,0.065,6.5,0.03837635464915299,0.10801907929906895,0.12,12.0,0.08197992706375512,0.17234252098296743,0.1880451700086116,False
386,absent,15,200,24,200,0.1769167878509516,0.075,7.5,0.04597491718438201,0.12004361023629456,0.12,12.0,0.08197992706375512,0.17234252098296743,0.326420137949549,False
387,absent,16,200,22,200,0.3941407506049576,0.08,8.0,0.049840585889759974,0.12598948826714396,0.11,11.0,0.07377244460125303,0.1609269099730149,0.5739659542723412,False
388,absent,13,200,21,200,0.2089694213536148,0.065,6.5,0.03837635464915299,0.10801907929906895,0.105,10.5,0.06970748792681017,0.1551803199112304,0.37093488072254116,False
389,absent,13,200,20,200,0.27538251203949987,0.065,6.5,0.03837635464915299,0.10801907929906895,0.1,10.0,0.06567044866909588,0.1494058124327174,0.45320488790420205,False
390,absent,20,200,16,200,0.6007189820016415,0.1,10.0,0.06567044866909588,0.1494058124327174,0.08,8.0,0.049840585889759974,0.12598948826714396,0.7612840878452465,False
391,absent,18,200,17,200,1.0,0.09,9.0,0.05768744886219316,0.13776571876716542,0.085,8.5,0.05374575017747561,0.13189587071565567,1.0,False
392,absent,32,200,16,200,0.020241554923499043,0.16,16.0,0.1156741203158702,0.21714070162067106,0.08,8.0,0.049840585889759974,0.12598948826714396,0.07184233468147505,False
393,absent,34,200,12,200,0.0008343602509061383,0.17,17.0,0.12427907912586969,0.22815883628312625,0.06,6.0,0.03465219425433187,0.1019316929576627,0.01159354501909248,True
394,absent,35,200,10,200,0.00010395535511869513,0.175,17.5,0.12860515066273331,0.23364431148248993,0.05,5.0,0.02738264560076393,0.08957814813877599,0.0033426547168719663,True
395,absent,37,200,12,200,0.000194924056001401,0.185,18.5,0.13730192800616042,0.2445706276115175,0.06,6.0,0.03465219425433187,0.1019316929576627,0.004358387330762779,True
396,absent,37,200,15,200,0.0015913239417458367,0.185,18.5,0.13730192800616042,0.2445706276115175,0.075,7.5,0.04597491718438201,0.12004361023629456,0.016286205966305048,True
397,absent,37,200,14,200,0.0008328557595430914,0.185,18.5,0.13730192800616042,0.2445706276115175,0.07,7.000000000000001,0.042152171828342806,0.11405480885610647,0.01159354501909248,True
398,absent,37,200,17,200,0.0050681015144557395,0.185,18.5,0.13730192800616042,0.2445706276115175,0.085,8.5,0.05374575017747561,0.13189587071565567,0.03306679013865642,True
399,absent,31,200,16,200,0.02886613048668381,0.155,15.5,0.11139636927689314,0.21160690592342077,0.08,8.0,0.049840585889759974,0.12598948826714396,0.0896081301837815,False
400,absent,24,200,18,200,0.41505403243402694,0.12,12.0,0.08197992706375512,0.17234252098296743,0.09,9.0,0.05768744886219316,0.13776571876716542,0.5942673735135776,False
401,absent,16,200,37,200,0.002901752087002735,0.08,8.0,0.049840585889759974,0.12598948826714396,0.185,18.5,0.13730192800616042,0.2445706276115175,0.025008521276141994,True
402,absent,16,200,36,200,0.0043719885426568164,0.08,8.0,0.049840585889759974,0.12598948826714396,0.18,18.0,0.13294625859420173,0.23911475028724882,0.029522190674641388,True
403,absent,15,200,34,200,0.00560972075691471,0.075,7.5,0.04597491718438201,0.12004361023629456,0.17,17.0,0.12427907912586969,0.22815883628312625,0.03422689048796231,True
404,absent,16,200,32,200,0.020241554923499043,0.08,8.0,0.049840585889759974,0.12598948826714396,0.16,16.0,0.1156741203158702,0.21714070162067106,0.07184233468147505,False
405,absent,16,200,35,200,0.006518739395388089,0.08,8.0,0.049840585889759974,0.12598948826714396,0.175,17.5,0.12860515066273331,0.23364431148248993,0.03618452799982371,True
406,absent,16,200,34,200,0.009616136237593676,0.08,8.0,0.049840585889759974,0.12598948826714396,0.17,17.0,0.12427907912586969,0.22815883628312625,0.047990312456341354,True
407,absent,17,200,31,200,0.044593297690138395,0.085,8.5,0.05374575017747561,0.13189587071565567,0.155,15.5,0.11139636927689314,0.21160690592342077,0.12119755181344667,False
408,absent,16,200,26,200,0.14140095692638927,0.08,8.0,0.049840585889759974,0.12598948826714396,0.13,13.0,0.0902820227966932,0.18366351872248407,0.2806594751114696,False
409,absent,13,200,19,200,0.35699511636469594,0.065,6.5,0.03837635464915299,0.10801907929906895,0.095,9.5,0.06166310271738653,0.1436016116481994,0.5326464720247741,False
410,absent,9,200,15,200,0.29241110834923395,0.045,4.5,0.023852543001492997,0.0832967040018196,0.075,7.5,0.04597491718438201,0.12004361023629456,0.4604368139412202,False
411,absent,11,200,13,200,0.833761889580177,0.055,5.5,0.03098534170345884,0.0957869987723084,0.065,6.5,0.03837635464915299,0.10801907929906895,0.9335282695299418,False
412,absent,7,200,14,200,0.17741308261074723,0.035,3.5000000000000004,0.017055542008567192,0.07047061152229073,0.07,7.000000000000001,0.042152171828342806,0.11405480885610647,0.326420137949549,False
413,absent,4,200,14,200,0.02727390432761944,0.02,2.0,0.0078044264163494685,0.050287086905826436,0.07,7.000000000000001,0.042152171828342806,0.11405480885610647,0.0863014847081678,False
414,absent,5,200,12,200,0.13489187141753786,0.025,2.5,0.010724719651761264,0.05717834040664198,0.06,6.0,0.03465219425433187,0.1019316929576627,0.27185900239534555,False
415,absent,4,200,18,200,0.003389641852922614,0.02,2.0,0.0078044264163494685,0.050287086905826436,0.09,9.0,0.05768744886219316,0.13776571876716542,0.02553630026191542,True
416,absent,3,200,18,200,0.0011230179172948295,0.015,1.5,0.00511423779325831,0.04316572879269026,0.09,9.0,0.05768744886219316,0.13776571876716542,0.014423073251531634,True
417,absent,2,200,19,200,0.00015398185231690485,0.01,1.0,0.0027466581335444384,0.0357217617161768,0.095,9.5,0.06166310271738653,0.1436016116481994,0.0040343245307029076,True
418,absent,3,200,21,200,0.00018346925977200606,0.015,1.5,0.00511423779325831,0.04316572879269026,0.105,10.5,0.06970748792681017,0.1551803199112304,0.004358387330762779,True
419,absent,4,200,18,200,0.003389641852922614,0.02,2.0,0.0078044264163494685,0.050287086905826436,0.09,9.0,0.05768744886219316,0.13776571876716542,0.02553630026191542,True
420,absent,4,200,20,200,0.0011137241040210986,0.02,2.0,0.0078044264163494685,0.050287086905826436,0.1,10.0,0.06567044866909588,0.1494058124327174,0.014423073251531634,True
421,absent,8,200,22,200,0.012430193582618274,0.04,4.0,0.020405632066152306,0.07693206820093293,0.11,11.0,0.07377244460125303,0.1609269099730149,0.05252759223622561,False
422,absent,8,200,22,200,0.012430193582618274,0.04,4.0,0.020405632066152306,0.07693206820093293,0.11,11.0,0.07377244460125303,0.1609269099730149,0.05252759223622561,False
423,absent,7,200,20,200,0.01535311140193476,0.035,3.5000000000000004,0.017055542008567192,0.07047061152229073,0.1,10.0,0.06567044866909588,0.1494058124327174,0.06195499779016135,False
424,absent,8,200,19,200,0.044492484686145306,0.04,4.0,0.020405632066152306,0.07693206820093293,0.095,9.5,0.06166310271738653,0.1436016116481994,0.12119755181344667,False
425,absent,7,200,20,200,0.01535311140193476,0.035,3.5000000000000004,0.017055542008567192,0.07047061152229073,0.1,10.0,0.06567044866909588,0.1494058124327174,0.06195499779016135,False
426,absent,7,200,23,200,0.003727294464365403,0.035,3.5000000000000004,0.017055542008567192,0.07047061152229073,0.115,11.5,0.07786373232561955,0.16664716898487572,0.026251374990960634,True
427,absent,6,200,21,200,0.004422071890137643,0.03,3.0,0.013820314340111346,0.06389429245451925,0.105,10.5,0.06970748792681017,0.1551803199112304,0.02955568457183833,True
428,absent,5,200,17,200,0.014071261973607866,0.025,2.5,0.010724719651761264,0.05717834040664198,0.085,8.5,0.05374575017747561,0.13189587071565567,0.058704946450402244,False
429,absent,3,200,15,200,0.006308931581406504,0.015,1.5,0.00511423779325831,0.04316572879269026,0.075,7.5,0.04597491718438201,0.12004361023629456,0.03617149648870471,True
430,absent,2,200,15,200,0.001910189414688392,0.01,1.0,0.0027466581335444384,0.0357217617161768,0.075,7.5,0.04597491718438201,0.12004361023629456,0.018399618626777893,True
431,absent,1,200,11,200,0.005643517820915923,0.005,0.5,0.0008831687156009814,0.02777370439789293,0.055,5.5,0.03098534170345884,0.0957869987723084,0.03422689048796231,True
432,absent,1,200,12,200,0.002960333899179786,0.005,0.5,0.0008831687156009814,0.02777370439789293,0.06,6.0,0.03465219425433187,0.1019316929576627,0.02518206109042545,True
433,absent,4,200,12,200,0.07099039464097141,0.02,2.0,0.0078044264163494685,0.050287086905826436,0.06,6.0,0.03465219425433187,0.1019316929576627,0.16486994023243356,False
434,absent,4,200,10,200,0.1718518734406313,0.02,2.0,0.0078044264163494685,0.050287086905826436,0.05,5.0,0.02738264560076393,0.08957814813877599,0.3234568307575101,False
435,absent,4,200,10,200,0.1718518734406313,0.02,2.0,0.0078044264163494685,0.050287086905826436,0.05,5.0,0.02738264560076393,0.08957814813877599,0.3234568307575101,False
436,absent,5,200,12,200,0.13489187141753786,0.025,2.5,0.010724719651761264,0.05717834040664198,0.06,6.0,0.03465219425433187,0.1019316929576627,0.27185900239534555,False
437,absent,4,200,11,200,0.11156276084831519,0.02,2.0,0.0078044264163494685,0.050287086905826436,0.055,5.5,0.03098534170345884,0.0957869987723084,0.23421028319117454,False
438,absent,4,200,13,200,0.04436477931740206,0.02,2.0,0.0078044264163494685,0.050287086905826436,0.065,6.5,0.03837635464915299,0.10801907929906895,0.12119755181344667,False
439,absent,4,200,11,200,0.11156276084831519,0.02,2.0,0.0078044264163494685,0.050287086905826436,0.055,5.5,0.03098534170345884,0.0957869987723084,0.23421028319117454,False
440,absent,7,200,13,200,0.25090216415224686,0.035,3.5000000000000004,0.017055542008567192,0.07047061152229073,0.065,6.5,0.03837635464915299,0.10801907929906895,0.4203092519685977,False
441,absent,7,200,15,200,0.12302340616644473,0.035,3.5000000000000004,0.017055542008567192,0.07047061152229073,0.075,7.5,0.04597491718438201,0.12004361023629456,0.25280673236988066,False
442,absent,9,200,15,200,0.29241110834923395,0.045,4.5,0.023852543001492997,0.0832967040018196,0.075,7.5,0.04597491718438201,0.12004361023629456,0.4604368139412202,False
443,absent,2,200,19,200,0.00015398185231690485,0.01,1.0,0.0027466581335444384,0.0357217617161768,0.095,9.5,0.06166310271738653,0.1436016116481994,0.0040343245307029076,True
444,absent,2,200,14,200,0.003508593826313664,0.01,1.0,0.0027466581335444384,0.0357217617161768,0.07,7.000000000000001,0.042152171828342806,0.11405480885610647,0.02553630026191542,True
445,absent,9,200,17,200,0.15454462056276955,0.045,4.5,0.023852543001492997,0.0832967040018196,0.085,8.5,0.05374575017747561,0.13189587071565567,0.30306090794495805,False
446,absent,6,200,17,200,0.0296839474674666,0.03,3.0,0.013820314340111346,0.06389429245451925,0.085,8.5,0.05374575017747561,0.13189587071565567,0.09039464403240263,False
447,absent,8,200,16,200,0.13914875099967378,0.04,4.0,0.020405632066152306,0.07693206820093293,0.08,8.0,0.049840585889759974,0.12598948826714396,0.2778732680023973,False
448,absent,8,200,13,200,0.3703219216571838,0.04,4.0,0.020405632066152306,0.07693206820093293,0.065,6.5,0.03837635464915299,0.10801907929906895,0.5463082402825572,False
449,absent,9,200,12,200,0.654896662945544,0.045,4.5,0.023852543001492997,0.0832967040018196,0.06,6.0,0.03465219425433187,0.1019316929576627,0.8108833917378665,False
450,absent,9,200,9,200,1.0,0.045,4.5,0.023852543001492997,0.0832967040018196,0.045,4.5,0.023852543001492997,0.0832967040018196,1.0,False
451,absent,9,200,8,200,1.0,0.045,4.5,0.023852543001492997,0.0832967040018196,0.04,4.0,0.020405632066152306,0.07693206820093293,1.0,False
452,absent,9,200,9,200,1.0,0.045,4.5,0.023852543001492997,0.0832967040018196,0.045,4.5,0.023852543001492997,0.0832967040018196,1.0,False
453,absent,9,200,7,200,0.7995750933253848,0.045,4.5,0.023852543001492997,0.0832967040018196,0.035,3.5000000000000004,0.017055542008567192,0.07047061152229073,0.9172008513627444,False
454,absent,9,200,6,200,0.6001886576698091,0.045,4.5,0.023852543001492997,0.0832967040018196,0.03,3.0,0.013820314340111346,0.06389429245451925,0.7612840878452465,False
455,absent,9,200,8,200,1.0,0.045,4.5,0.023852543001492997,0.0832967040018196,0.04,4.0,0.020405632066152306,0.07693206820093293,1.0,False
456,absent,5,200,7,200,0.7709566108649247,0.025,2.5,0.010724719651761264,0.05717834040664198,0.035,3.5000000000000004,0.017055542008567192,0.07047061152229073,0.90013650644657,False
457,absent,2,200,5,200,0.44898195493516496,0.01,1.0,0.0027466581335444384,0.0357217617161768,0.025,2.5,0.010724719651761264,0.05717834040664198,0.616526583820824,False
458,absent,3,200,8,200,0.220052212189427,0.015,1.5,0.00511423779325831,0.04316572879269026,0.04,4.0,0.020405632066152306,0.07693206820093293,0.3813074047197743,False
459,absent,2,200,10,200,0.03577990986820495,0.01,1.0,0.0027466581335444384,0.0357217617161768,0.05,5.0,0.02738264560076393,0.08957814813877599,0.10324159014834468,False
460,absent,1,200,9,200,0.019965834555431914,0.005,0.5,0.0008831687156009814,0.02777370439789293,0.045,4.5,0.023852543001492997,0.0832967040018196,0.07184233468147505,False
461,absent,4,200,25,200,5.8428756632743856e-05,0.02,2.0,0.0078044264163494685,0.050287086905826436,0.125,12.5,0.08611974475712644,0.17801425002582347,0.0021261575330248457,True
462,absent,6,200,29,200,5.771896052886238e-05,0.03,3.0,0.013820314340111346,0.06389429245451925,0.145,14.499999999999998,0.10289350642004402,0.20048667530781522,0.0021261575330248457,True
463,absent,8,200,31,200,0.00014356591131245593,0.04,4.0,0.020405632066152306,0.07693206820093293,0.155,15.5,0.11139636927689314,0.21160690592342077,0.0040343245307029076,True
464,absent,4,200,31,200,1.3139077519749935e-06,0.02,2.0,0.0078044264163494685,0.050287086905826436,0.155,15.5,0.11139636927689314,0.21160690592342077,0.00021086384188339133,True
465,absent,5,200,31,200,5.233903171956624e-06,0.025,2.5,0.010724719651761264,0.05717834040664198,0.155,15.5,0.11139636927689314,0.21160690592342077,0.00038091184195906545,True
466,absent,4,200,29,200,4.786954140344649e-06,0.02,2.0,0.0078044264163494685,0.050287086905826436,0.145,14.499999999999998,0.10289350642004402,0.20048667530781522,0.00038091184195906545,True
467,absent,2,200,28,200,3.592357641074178e-07,0.01,1.0,0.0027466581335444384,0.0357217617161768,0.14,14.000000000000002,0.09866982633455634,0.1948988086570756,0.00011764971274517933,True
468,absent,2,200,23,200,1.1058248169600485e-05,0.01,1.0,0.0027466581335444384,0.0357217617161768,0.115,11.5,0.07786373232561955,0.16664716898487572,0.0007243152551088319,True
469,absent,7,200,22,200,0.006048067562566169,0.035,3.5000000000000004,0.017055542008567192,0.07047061152229073,0.11,11.0,0.07377244460125303,0.1609269099730149,0.03548730282466037,True
470,absent,5,200,16,200,0.02281868556552279,0.025,2.5,0.010724719651761264,0.05717834040664198,0.08,8.0,0.049840585889759974,0.12598948826714396,0.07660170675005772,False
471,absent,7,200,14,200,0.17741308261074723,0.035,3.5000000000000004,0.017055542008567192,0.07047061152229073,0.07,7.000000000000001,0.042152171828342806,0.11405480885610647,0.326420137949549,False
472,absent,10,200,11,200,1.0,0.05,5.0,0.02738264560076393,0.08957814813877599,0.055,5.5,0.03098534170345884,0.0957869987723084,1.0,False
473,absent,11,200,8,200,0.6394096021951571,0.055,5.5,0.03098534170345884,0.0957869987723084,0.04,4.0,0.020405632066152306,0.07693206820093293,0.7947121241704515,False
474,absent,10,200,11,200,1.0,0.05,5.0,0.02738264560076393,0.08957814813877599,0.055,5.5,0.03098534170345884,0.0957869987723084,1.0,False
475,absent,7,200,9,200,0.7995750933253848,0.035,3.5000000000000004,0.017055542008567192,0.07047061152229073,0.045,4.5,0.023852543001492997,0.0832967040018196,0.9172008513627444,False
476,absent,8,200,12,200,0.492282525066481,0.04,4.0,0.020405632066152306,0.07693206820093293,0.06,6.0,0.03465219425433187,0.1019316929576627,0.6621048335083061,False
477,absent,8,200,10,200,0.8102155801027142,0.04,4.0,0.020405632066152306,0.07693206820093293,0.05,5.0,0.02738264560076393,0.08957814813877599,0.9213388975126351,False
478,absent,15,200,15,200,1.0,0.075,7.5,0.04597491718438201,0.12004361023629456,0.075,7.5,0.04597491718438201,0.12004361023629456,1.0,False
479,absent,22,200,15,200,0.30043320652806677,0.11,11.0,0.07377244460125303,0.1609269099730149,0.075,7.5,0.04597491718438201,0.12004361023629456,0.4685327387521041,False
480,absent,25,200,20,200,0.5271513985565538,0.125,12.5,0.08611974475712644,0.17801425002582347,0.1,10.0,0.06567044866909588,0.1494058124327174,0.696137431561578,False
481,absent,48,200,27,200,0.01008561404736359,0.24,24.0,0.1860661599241369,0.30373340979204166,0.135,13.5,0.09446570454787906,0.18929138370752552,0.0485740970663467,True
482,absent,49,200,26,200,0.004608203252488193,0.245,24.5,0.1905686808903718,0.30904243556203415,0.13,13.0,0.0902820227966932,0.18366351872248407,0.030488617478583495,True
483,absent,46,200,28,200,0.028134067517051064,0.23,23.0,0.17709343259068805,0.2930830436530359,0.14,14.000000000000002,0.09866982633455634,0.1948988086570756,0.08775149630318307,False
484,absent,46,200,22,200,0.0020407199072765363,0.23,23.0,0.17709343259068805,0.2930830436530359,0.11,11.0,0.07377244460125303,0.1609269099730149,0.018767135270906874,True
485,absent,39,200,21,200,0.01675826591602255,0.195,19.5,0.1460552053440051,0.25544044374612745,0.105,10.5,0.06970748792681017,0.1551803199112304,0.0650144795743086,False
486,absent,41,200,23,200,0.019904105286873346,0.205,20.5,0.15486176203836208,0.26625698052422514,0.115,11.5,0.07786373232561955,0.16664716898487572,0.07184233468147505,False
487,absent,37,200,20,200,0.021487865054094456,0.185,18.5,0.13730192800616042,0.2445706276115175,0.1,10.0,0.06567044866909588,0.1494058124327174,0.07526498187396721,False
488,absent,25,200,16,200,0.1867194935909629,0.125,12.5,0.08611974475712644,0.17801425002582347,0.08,8.0,0.049840585889759974,0.12598948826714396,0.34258058347921766,False
489,absent,16,200,16,200,1.0,0.08,8.0,0.049840585889759974,0.12598948826714396,0.08,8.0,0.049840585889759974,0.12598948826714396,1.0,False
490,absent,13,200,14,200,1.0,0.065,6.5,0.03837635464915299,0.10801907929906895,0.07,7.000000000000001,0.042152171828342806,0.11405480885610647,1.0,False
491,absent,11,200,14,200,0.680311326115725,0.055,5.5,0.03098534170345884,0.0957869987723084,0.07,7.000000000000001,0.042152171828342806,0.11405480885610647,0.8310404026270192,False
492,absent,7,200,14,200,0.17741308261074723,0.035,3.5000000000000004,0.017055542008567192,0.07047061152229073,0.07,7.000000000000001,0.042152171828342806,0.11405480885610647,0.326420137949549,False
493,absent,7,200,13,200,0.25090216415224686,0.035,3.5000000000000004,0.017055542008567192,0.07047061152229073,0.065,6.5,0.03837635464915299,0.10801907929906895,0.4203092519685977,False
494,absent,9,200,16,200,0.21455709171687756,0.045,4.5,0.023852543001492997,0.0832967040018196,0.08,8.0,0.049840585889759974,0.12598948826714396,0.3767691556958574,False
495,absent,11,200,17,200,0.3272883921905186,0.055,5.5,0.03098534170345884,0.0957869987723084,0.085,8.5,0.05374575017747561,0.13189587071565567,0.5008735908523123,False
496,absent,19,200,21,200,0.867856868659885,0.095,9.5,0.06166310271738653,0.1436016116481994,0.105,10.5,0.06970748792681017,0.1551803199112304,0.9422823710244197,False
497,absent,21,200,20,200,1.0,0.105,10.5,0.06970748792681017,0.1551803199112304,0.1,10.0,0.06567044866909588,0.1494058124327174,1.0,False
498,absent,23,200,22,200,1.0,0.115,11.5,0.07786373232561955,0.16664716898487572,0.11,11.0,0.07377244460125303,0.1609269099730149,1.0,False
499,absent,18,200,21,200,0.7364438098686104,0.09,9.0,0.05768744886219316,0.13776571876716542,0.105,10.5,0.06970748792681017,0.1551803199112304,0.8754459082830124,False
500,absent,18,200,19,200,1.0,0.09,9.0,0.05768744886219316,0.13776571876716542,0.095,9.5,0.06166310271738653,0.1436016116481994,1.0,False
501,absent,12,200,29,200,0.007703593754966862,0.06,6.0,0.03465219425433187,0.1019316929576627,0.145,14.499999999999998,0.10289350642004402,0.20048667530781522,0.0406923702379298,True
502,absent,10,200,30,200,0.001284932759445199,0.05,5.0,0.02738264560076393,0.08957814813877599,0.15,15.0,0.10713593562241995,0.20605579284166659,0.015879829385596327,True
503,absent,12,200,29,200,0.007703593754966862,0.06,6.0,0.03465219425433187,0.1019316929576627,0.145,14.499999999999998,0.10289350642004402,0.20048667530781522,0.0406923702379298,True
504,absent,11,200,29,200,0.004114094630749513,0.055,5.5,0.03098534170345884,0.0957869987723084,0.145,14.499999999999998,0.10289350642004402,0.20048667530781522,0.028070124824384698,True
505,absent,9,200,28,200,0.0015725494547830972,0.045,4.5,0.023852543001492997,0.0832967040018196,0.14,14.000000000000002,0.09866982633455634,0.1948988086570756,0.016286205966305048,True
506,absent,12,200,28,200,0.011626999774460243,0.06,6.0,0.03465219425433187,0.1019316929576627,0.14,14.000000000000002,0.09866982633455634,0.1948988086570756,0.052402374472374,False
507,absent,13,200,24,200,0.0832502285148416,0.065,6.5,0.03837635464915299,0.10801907929906895,0.12,12.0,0.08197992706375512,0.17234252098296743,0.1880451700086116,False
508,absent,10,200,21,200,0.059985753289696554,0.05,5.0,0.02738264560076393,0.08957814813877599,0.105,10.5,0.06970748792681017,0.1551803199112304,0.15036436774888046,False
509,absent,9,200,14,200,0.3907750540944154,0.045,4.5,0.023852543001492997,0.0832967040018196,0.07,7.000000000000001,0.042152171828342806,0.11405480885610647,0.5713340634639332,False
510,absent,10,200,13,200,0.668403345882152,0.05,5.0,0.02738264560076393,0.08957814813877599,0.065,6.5,0.03837635464915299,0.10801907929906895,0.8244900029243118,False
511,absent,10,200,12,200,0.8269930500254706,0.05,5.0,0.02738264560076393,0.08957814813877599,0.06,6.0,0.03465219425433187,0.1019316929576627,0.9307224188430985,False
512,absent,8,200,15,200,0.1966221350057588,0.04,4.0,0.020405632066152306,0.07693206820093293,0.075,7.5,0.04597491718438201,0.12004361023629456,0.3509196142473352,False
513,absent,8,200,13,200,0.3703219216571838,0.04,4.0,0.020405632066152306,0.07693206820093293,0.065,6.5,0.03837635464915299,0.10801907929906895,0.5463082402825572,False
514,absent,9,200,13,200,0.5114830070456052,0.045,4.5,0.023852543001492997,0.0832967040018196,0.065,6.5,0.03837635464915299,0.10801907929906895,0.6795565306589685,False
515,absent,9,200,13,200,0.5114830070456052,0.045,4.5,0.023852543001492997,0.0832967040018196,0.065,6.5,0.03837635464915299,0.10801907929906895,0.6795565306589685,False
516,absent,11,200,14,200,0.680311326115725,0.055,5.5,0.03098534170345884,0.0957869987723084,0.07,7.000000000000001,0.042152171828342806,0.11405480885610647,0.8310404026270192,False
517,absent,10,200,12,200,0.8269930500254706,0.05,5.0,0.02738264560076393,0.08957814813877599,0.06,6.0,0.03465219425433187,0.1019316929576627,0.9307224188430985,False
518,absent,12,200,16,200,0.5573253913679761,0.06,6.0,0.03465219425433187,0.1019316929576627,0.08,8.0,0.049840585889759974,0.12598948826714396,0.7243018479087784,False
519,absent,10,200,17,200,0.2313092360711259,0.05,5.0,0.02738264560076393,0.08957814813877599,0.085,8.5,0.05374575017747561,0.13189587071565567,0.39250660525022657,False
520,absent,15,200,17,200,0.8541000370123,0.075,7.5,0.04597491718438201,0.12004361023629456,0.085,8.5,0.05374575017747561,0.13189587071565567,0.9422823710244197,False
521,absent,20,200,33,200,0.07602314297841908,0.1,10.0,0.06567044866909588,0.1494058124327174,0.165,16.5,0.11996855328217307,0.2226578153905955,0.17410894633169405,False
522,absent,22,200,30,200,0.29797179419950665,0.11,11.0,0.07377244460125303,0.1609269099730149,0.15,15.0,0.10713593562241995,0.20605579284166659,0.4669175244035331,False
523,absent,22,200,30,200,0.29797179419950665,0.11,11.0,0.07377244460125303,0.1609269099730149,0.15,15.0,0.10713593562241995,0.20605579284166659,0.4669175244035331,False
524,absent,22,200,27,200,0.5422059672007227,0.11,11.0,0.07377244460125303,0.1609269099730149,0.135,13.5,0.09446570454787906,0.18929138370752552,0.7107825362729263,False
525,absent,22,200,25,200,0.7564541434790002,0.11,11.0,0.07377244460125303,0.1609269099730149,0.125,12.5,0.08611974475712644,0.17801425002582347,0.8895466139654311,False
526,absent,22,200,29,200,0.3685400668855563,0.11,11.0,0.07377244460125303,0.1609269099730149,0.145,14.499999999999998,0.10289350642004402,0.20048667530781522,0.5463082402825572,False
527,absent,22,200,23,200,1.0,0.11,11.0,0.07377244460125303,0.1609269099730149,0.115,11.5,0.07786373232561955,0.16664716898487572,1.0,False
528,absent,22,200,18,200,0.6175462804860286,0.11,11.0,0.07377244460125303,0.1609269099730149,0.09,9.0,0.05768744886219316,0.13776571876716542,0.7793695832723482,False
529,absent,19,200,17,200,0.8615714328865997,0.095,9.5,0.06166310271738653,0.1436016116481994,0.085,8.5,0.05374575017747561,0.13189587071565567,0.9422823710244197,False
530,absent,10,200,8,200,0.8102155801027142,0.05,5.0,0.02738264560076393,0.08957814813877599,0.04,4.0,0.020405632066152306,0.07693206820093293,0.9213388975126351,False
531,absent,5,200,8,200,0.574633705892003,0.025,2.5,0.010724719651761264,0.05717834040664198,0.04,4.0,0.020405632066152306,0.07693206820093293,0.738009955606396,False
532,absent,7,200,9,200,0.7995750933253848,0.035,3.5000000000000004,0.017055542008567192,0.07047061152229073,0.045,4.5,0.023852543001492997,0.0832967040018196,0.9172008513627444,False
533,absent,5,200,9,200,0.4155335222430817,0.025,2.5,0.010724719651761264,0.05717834040664198,0.045,4.5,0.023852543001492997,0.0832967040018196,0.5942673735135776,False
534,absent,3,200,8,200,0.220052212189427,0.015,1.5,0.00511423779325831,0.04316572879269026,0.04,4.0,0.020405632066152306,0.07693206820093293,0.3813074047197743,False
535,absent,3,200,10,200,0.08704284479400587,0.015,1.5,0.00511423779325831,0.04316572879269026,0.05,5.0,0.02738264560076393,0.08957814813877599,0.19196317622920486,False
536,absent,2,200,11,200,0.020401029390464672,0.01,1.0,0.0027466581335444384,0.0357217617161768,0.055,5.5,0.03098534170345884,0.0957869987723084,0.07184233468147505,False
537,absent,2,200,11,200,0.020401029390464672,0.01,1.0,0.0027466581335444384,0.0357217617161768,0.055,5.5,0.03098534170345884,0.0957869987723084,0.07184233468147505,False
538,absent,1,200,13,200,0.0015407424057031092,0.005,0.5,0.0008831687156009814,0.02777370439789293,0.065,6.5,0.03837635464915299,0.10801907929906895,0.01627719799573446,True
539,absent,2,200,14,200,0.003508593826313664,0.01,1.0,0.0027466581335444384,0.0357217617161768,0.07,7.000000000000001,0.042152171828342806,0.11405480885610647,0.02553630026191542,True
540,absent,3,200,21,200,0.00018346925977200606,0.015,1.5,0.00511423779325831,0.04316572879269026,0.105,10.5,0.06970748792681017,0.1551803199112304,0.004358387330762779,True
541,absent,23,200,36,200,0.09002130834136911,0.115,11.5,0.07786373232561955,0.16664716898487572,0.18,18.0,0.13294625859420173,0.23911475028724882,0.1969303037659362,False
542,absent,19,200,31,200,0.09555330487131262,0.095,9.5,0.06166310271738653,0.1436016116481994,0.155,15.5,0.11139636927689314,0.21160690592342077,0.20523592627289222,False
543,absent,19,200,31,200,0.09555330487131262,0.095,9.5,0.06166310271738653,0.1436016116481994,0.155,15.5,0.11139636927689314,0.21160690592342077,0.20523592627289222,False
544,absent,17,200,30,200,0.061523130620915974,0.085,8.5,0.05374575017747561,0.13189587071565567,0.15,15.0,0.10713593562241995,0.20605579284166659,0.15036436774888046,False
545,absent,11,200,27,200,0.009744597796478474,0.055,5.5,0.03098534170345884,0.0957869987723084,0.135,13.5,0.09446570454787906,0.18929138370752552,0.047990312456341354,True
546,absent,17,200,26,200,0.19613169049270807,0.085,8.5,0.05374575017747561,0.13189587071565567,0.13,13.0,0.0902820227966932,0.18366351872248407,0.3509196142473352,False
547,absent,12,200,27,200,0.017342018947363896,0.06,6.0,0.03465219425433187,0.1019316929576627,0.135,13.5,0.09446570454787906,0.18929138370752552,0.06681777888543149,False
548,absent,14,200,25,200,0.09083843393393357,0.07,7.000000000000001,0.042152171828342806,0.11405480885610647,0.125,12.5,0.08611974475712644,0.17801425002582347,0.19701713320108108,False
549,absent,14,200,28,200,0.03296824365936682,0.07,7.000000000000001,0.042152171828342806,0.11405480885610647,0.14,14.000000000000002,0.09866982633455634,0.1948988086570756,0.09640267677180923,False
550,absent,12,200,24,200,0.05335958900213791,0.06,6.0,0.03465219425433187,0.1019316929576627,0.12,12.0,0.08197992706375512,0.17234252098296743,0.13869258252539812,False
551,absent,11,200,21,200,0.09588121135802292,0.055,5.5,0.03098534170345884,0.0957869987723084,0.105,10.5,0.06970748792681017,0.1551803199112304,0.20523592627289222,False
552,absent,6,200,19,200,0.011760532896853401,0.03,3.0,0.013820314340111346,0.06389429245451925,0.095,9.5,0.06166310271738653,0.1436016116481994,0.052402374472374,False
553,absent,7,200,19,200,0.02398699978244159,0.035,3.5000000000000004,0.017055542008567192,0.07047061152229073,0.095,9.5,0.06166310271738653,0.1436016116481994,0.07895218521356402,False
554,absent,10,200,15,200,0.4091921332977685,0.05,5.0,0.02738264560076393,0.08957814813877599,0.075,7.5,0.04597491718438201,0.12004361023629456,0.5903542892291593,False
555,absent,6,200,15,200,0.07060641228747963,0.03,3.0,0.013820314340111346,0.06389429245451925,0.075,7.5,0.04597491718438201,0.12004361023629456,0.16486994023243356,False
556,absent,6,200,18,200,0.018814263792385048,0.03,3.0,0.013820314340111346,0.06389429245451925,0.09,9.0,0.05768744886219316,0.13776571876716542,0.06966655418608744,False
557,absent,14,200,23,200,0.16671000849401707,0.07,7.000000000000001,0.042152171828342806,0.11405480885610647,0.115,11.5,0.07786373232561955,0.16664716898487572,0.3202201042920269,False
558,absent,16,200,29,200,0.05662593210037286,0.08,8.0,0.049840585889759974,0.12598948826714396,0.145,14.499999999999998,0.10289350642004402,0.20048667530781522,0.14488275595993838,False
559,absent,19,200,25,200,0.42456705164054964,0.095,9.5,0.06166310271738653,0.1436016116481994,0.125,12.5,0.08611974475712644,0.17801425002582347,0.6000412245335998,False
560,absent,20,200,21,200,1.0,0.1,10.0,0.06567044866909588,0.1494058124327174,0.105,10.5,0.06970748792681017,0.1551803199112304,1.0,False
561,absent,29,200,37,200,0.34577206959904555,0.145,14.499999999999998,0.10289350642004402,0.20048667530781522,0.185,18.5,0.13730192800616042,0.2445706276115175,0.5206453002008617,False
562,absent,28,200,34,200,0.48992942271148726,0.14,14.000000000000002,0.09866982633455634,0.1948988086570756,0.17,17.0,0.12427907912586969,0.22815883628312625,0.6621048335083061,False
563,absent,25,200,34,200,0.2591907682463898,0.125,12.5,0.08611974475712644,0.17801425002582347,0.17,17.0,0.12427907912586969,0.22815883628312625,0.4330866153096565,False
564,absent,21,200,33,200,0.10686480122762204,0.105,10.5,0.06970748792681017,0.1551803199112304,0.165,16.5,0.11996855328217307,0.2226578153905955,0.22726118442887153,False
565,absent,19,200,26,200,0.3424995741077463,0.095,9.5,0.06166310271738653,0.1436016116481994,0.13,13.0,0.0902820227966932,0.18366351872248407,0.5172282378996427,False
566,absent,20,200,27,200,0.3516377320468457,0.1,10.0,0.06567044866909588,0.1494058124327174,0.135,13.5,0.09446570454787906,0.18929138370752552,0.5270542665690707,False
567,absent,19,200,24,200,0.5188853044868758,0.095,9.5,0.06166310271738653,0.1436016116481994,0.12,12.0,0.08197992706375512,0.17234252098296743,0.68660580694728,False
568,absent,17,200,19,200,0.8615714328865997,0.085,8.5,0.05374575017747561,0.13189587071565567,0.095,9.5,0.06166310271738653,0.1436016116481994,0.9422823710244197,False
569,absent,15,200,18,200,0.7167824247885825,0.075,7.5,0.04597491718438201,0.12004361023629456,0.09,9.0,0.05768744886219316,0.13776571876716542,0.8583043660631107,False
570,absent,19,200,18,200,1.0,0.095,9.5,0.06166310271738653,0.1436016116481994,0.09,9.0,0.05768744886219316,0.13776571876716542,1.0,False
571,absent,16,200,21,200,0.49046582384600745,0.08,8.0,0.049840585889759974,0.12598948826714396,0.105,10.5,0.06970748792681017,0.1551803199112304,0.6621048335083061,False
572,absent,23,200,21,200,0.8732296171172865,0.115,11.5,0.07786373232561955,0.16664716898487572,0.105,10.5,0.06970748792681017,0.1551803199112304,0.9422823710244197,False
573,absent,21,200,20,200,1.0,0.105,10.5,0.06970748792681017,0.1551803199112304,0.1,10.0,0.06567044866909588,0.1494058124327174,1.0,False
574,absent,21,200,19,200,0.867856868659885,0.105,10.5,0.06970748792681017,0.1551803199112304,0.095,9.5,0.06166310271738653,0.1436016116481994,0.9422823710244197,False
575,absent,26,200,21,200,0.53490950815383,0.13,13.0,0.0902820227966932,0.18366351872248407,0.105,10.5,0.06970748792681017,0.1551803199112304,0.7035456382344552,False
576,absent,23,200,24,200,1.0,0.115,11.5,0.07786373232561955,0.16664716898487572,0.12,12.0,0.08197992706375512,0.17234252098296743,1.0,False
577,absent,27,200,21,200,0.4419756613460391,0.135,13.5,0.09446570454787906,0.18929138370752552,0.105,10.5,0.06970748792681017,0.1551803199112304,0.6163789827302584,False
578,absent,31,200,28,200,0.7781518224030946,0.155,15.5,0.11139636927689314,0.21160690592342077,0.14,14.000000000000002,0.09866982633455634,0.1948988086570756,0.9053098466678986,False
579,absent,20,200,27,200,0.3516377320468457,0.1,10.0,0.06567044866909588,0.1494058124327174,0.135,13.5,0.09446570454787906,0.18929138370752552,0.5270542665690707,False
580,absent,15,200,25,200,0.13280461202090083,0.075,7.5,0.04597491718438201,0.12004361023629456,0.125,12.5,0.08611974475712644,0.17801425002582347,0.27183444023028136,False
581,absent,11,200,29,200,0.004114094630749513,0.055,5.5,0.03098534170345884,0.0957869987723084,0.145,14.499999999999998,0.10289350642004402,0.20048667530781522,0.028070124824384698,True
582,absent,10,200,27,200,0.005149332204798404,0.05,5.0,0.02738264560076393,0.08957814813877599,0.135,13.5,0.09446570454787906,0.18929138370752552,0.03306679013865642,True
583,absent,11,200,29,200,0.004114094630749513,0.055,5.5,0.03098534170345884,0.0957869987723084,0.145,14.499999999999998,0.10289350642004402,0.20048667530781522,0.028070124824384698,True
584,absent,11,200,24,200,0.032460873550879954,0.055,5.5,0.03098534170345884,0.0957869987723084,0.12,12.0,0.08197992706375512,0.17234252098296743,0.09577419899020886,False
585,absent,11,200,21,200,0.09588121135802292,0.055,5.5,0.03098534170345884,0.0957869987723084,0.105,10.5,0.06970748792681017,0.1551803199112304,0.20523592627289222,False
586,absent,12,200,25,200,0.03716882593275675,0.06,6.0,0.03465219425433187,0.1019316929576627,0.125,12.5,0.08611974475712644,0.17801425002582347,0.10448747204272821,False
587,absent,12,200,23,200,0.07555709467918026,0.06,6.0,0.03465219425433187,0.1019316929576627,0.115,11.5,0.07786373232561955,0.16664716898487572,0.17377075458851607,False
588,absent,10,200,18,200,0.16920507622916595,0.05,5.0,0.02738264560076393,0.08957814813877599,0.09,9.0,0.05768744886219316,0.13776571876716542,0.32124442008725707,False
589,absent,8,200,13,200,0.3703219216571838,0.04,4.0,0.020405632066152306,0.07693206820093293,0.065,6.5,0.03837635464915299,0.10801907929906895,0.5463082402825572,False
590,absent,8,200,12,200,0.492282525066481,0.04,4.0,0.020405632066152306,0.07693206820093293,0.06,6.0,0.03465219425433187,0.1019316929576627,0.6621048335083061,False
591,absent,5,200,14,200,0.05739321595882797,0.025,2.5,0.010724719651761264,0.05717834040664198,0.07,7.000000000000001,0.042152171828342806,0.11405480885610647,0.14570758315128807,False
592,absent,5,200,12,200,0.13489187141753786,0.025,2.5,0.010724719651761264,0.05717834040664198,0.06,6.0,0.03465219425433187,0.1019316929576627,0.27185900239534555,False
593,absent,6,200,13,200,0.15685137067685614,0.03,3.0,0.013820314340111346,0.06389429245451925,0.065,6.5,0.03837635464915299,0.10801907929906895,0.30306090794495805,False
594,absent,4,200,12,200,0.07099039464097141,0.02,2.0,0.0078044264163494685,0.050287086905826436,0.06,6.0,0.03465219425433187,0.1019316929576627,0.16486994023243356,False
595,absent,4,200,11,200,0.11156276084831519,0.02,2.0,0.0078044264163494685,0.050287086905826436,0.055,5.5,0.03098534170345884,0.0957869987723084,0.23421028319117454,False
596,absent,9,200,15,200,0.29241110834923395,0.045,4.5,0.023852543001492997,0.0832967040018196,0.075,7.5,0.04597491718438201,0.12004361023629456,0.4604368139412202,False
597,absent,6,200,18,200,0.018814263792385048,0.03,3.0,0.013820314340111346,0.06389429245451925,0.09,9.0,0.05768744886219316,0.13776571876716542,0.06966655418608744,False
598,absent,8,200,20,200,0.02949312900097527,0.04,4.0,0.020405632066152306,0.07693206820093293,0.1,10.0,0.06567044866909588,0.1494058124327174,0.09027102568055514,False
599,absent,5,200,21,200,0.00179261221376033,0.025,2.5,0.010724719651761264,0.05717834040664198,0.105,10.5,0.06970748792681017,0.1551803199112304,0.018064015384815633,True
600,absent,10,200,21,200,0.059985753289696554,0.05,5.0,0.02738264560076393,0.08957814813877599,0.105,10.5,0.06970748792681017,0.1551803199112304,0.15036436774888046,False
601,absent,4,200,23,200,0.0001949724783230853,0.02,2.0,0.0078044264163494685,0.050287086905826436,0.115,11.5,0.07786373232561955,0.16664716898487572,0.004358387330762779,True
602,absent,7,200,25,200,0.0013687353320143917,0.035,3.5000000000000004,0.017055542008567192,0.07047061152229073,0.125,12.5,0.08611974475712644,0.17801425002582347,0.016009315044096903,True
603,absent,7,200,26,200,0.0008163825450294461,0.035,3.5000000000000004,0.017055542008567192,0.07047061152229073,0.13,13.0,0.0902820227966932,0.18366351872248407,0.01159354501909248,True
604,absent,8,200,18,200,0.06612464458455802,0.04,4.0,0.020405632066152306,0.07693206820093293,0.09,9.0,0.05768744886219316,0.13776571876716542,0.1574968807377655,False
605,absent,8,200,16,200,0.13914875099967378,0.04,4.0,0.020405632066152306,0.07693206820093293,0.08,8.0,0.049840585889759974,0.12598948826714396,0.2778732680023973,False
606,absent,8,200,20,200,0.02949312900097527,0.04,4.0,0.020405632066152306,0.07693206820093293,0.1,10.0,0.06567044866909588,0.1494058124327174,0.09027102568055514,False
607,absent,8,200,13,200,0.3703219216571838,0.04,4.0,0.020405632066152306,0.07693206820093293,0.065,6.5,0.03837635464915299,0.10801907929906895,0.5463082402825572,False
608,absent,6,200,13,200,0.15685137067685614,0.03,3.0,0.013820314340111346,0.06389429245451925,0.065,6.5,0.03837635464915299,0.10801907929906895,0.30306090794495805,False
609,absent,8,200,16,200,0.13914875099967378,0.04,4.0,0.020405632066152306,0.07693206820093293,0.08,8.0,0.049840585889759974,0.12598948826714396,0.2778732680023973,False
610,absent,2,200,19,200,0.00015398185231690485,0.01,1.0,0.0027466581335444384,0.0357217617161768,0.095,9.5,0.06166310271738653,0.1436016116481994,0.0040343245307029076,True
611,absent,2,200,18,200,0.0002924155758851798,0.01,1.0,0.0027466581335444384,0.0357217617161768,0.09,9.0,0.05768744886219316,0.13776571876716542,0.005804006127417962,True
612,absent,1,200,16,200,0.00020845380877623364,0.005,0.5,0.0008831687156009814,0.02777370439789293,0.08,8.0,0.049840585889759974,0.12598948826714396,0.004404427249949453,True
613,absent,0,200,12,200,0.0004119833403449631,0.0,0.0,0.0,0.018845326377266575,0.06,6.0,0.03465219425433187,0.1019316929576627,0.0069192073827166875,True
614,absent,0,200,11,200,0.0008479445470592097,0.0,0.0,0.0,0.018845326377266575,0.055,5.5,0.03098534170345884,0.0957869987723084,0.01159354501909248,True
615,absent,1,200,13,200,0.0015407424057031092,0.005,0.5,0.0008831687156009814,0.02777370439789293,0.065,6.5,0.03837635464915299,0.10801907929906895,0.01627719799573446,True
616,absent,0,200,13,200,0.00019962079377539447,0.0,0.0,0.0,0.018845326377266575,0.065,6.5,0.03837635464915299,0.10801907929906895,0.004358387330762779,True
617,absent,0,200,18,200,5.113425967101638e-06,0.0,0.0,0.0,0.018845326377266575,0.09,9.0,0.05768744886219316,0.13776571876716542,0.00038091184195906545,True
618,absent,0,200,20,200,1.15737366676466e-06,0.0,0.0,0.0,0.018845326377266575,0.1,10.0,0.06567044866909588,0.1494058124327174,0.00021086384188339133,True
619,absent,2,200,22,200,2.1568489199285106e-05,0.01,1.0,0.0027466581335444384,0.0357217617161768,0.11,11.0,0.07377244460125303,0.1609269099730149,0.0010867200327332111,True
620,absent,1,200,23,200,1.6096476479648192e-06,0.005,0.5,0.0008831687156009814,0.02777370439789293,0.115,11.5,0.07786373232561955,0.16664716898487572,0.00021086384188339133,True
621,absent,4,200,24,200,0.00010716908252566609,0.02,2.0,0.0078044264163494685,0.050287086905826436,0.12,12.0,0.08197992706375512,0.17234252098296743,0.0033426547168719663,True
622,absent,3,200,24,200,2.787724040248648e-05,0.015,1.5,0.00511423779325831,0.04316572879269026,0.12,12.0,0.08197992706375512,0.17234252098296743,0.0013042566045449032,True
623,absent,2,200,22,200,2.1568489199285106e-05,0.01,1.0,0.0027466581335444384,0.0357217617161768,0.11,11.0,0.07377244460125303,0.1609269099730149,0.0010867200327332111,True
624,absent,4,200,18,200,0.003389641852922614,0.02,2.0,0.0078044264163494685,0.050287086905826436,0.09,9.0,0.05768744886219316,0.13776571876716542,0.02553630026191542,True
625,absent,3,200,17,200,0.0020171636072276217,0.015,1.5,0.00511423779325831,0.04316572879269026,0.085,8.5,0.05374575017747561,0.13189587071565567,0.018767135270906874,True
626,absent,2,200,14,200,0.003508593826313664,0.01,1.0,0.0027466581335444384,0.0357217617161768,0.07,7.000000000000001,0.042152171828342806,0.11405480885610647,0.02553630026191542,True
627,absent,4,200,12,200,0.07099039464097141,0.02,2.0,0.0078044264163494685,0.050287086905826436,0.06,6.0,0.03465219425433187,0.1019316929576627,0.16486994023243356,False
628,absent,4,200,12,200,0.07099039464097141,0.02,2.0,0.0078044264163494685,0.050287086905826436,0.06,6.0,0.03465219425433187,0.1019316929576627,0.16486994023243356,False
629,absent,4,200,8,200,0.38032436917521395,0.02,2.0,0.0078044264163494685,0.050287086905826436,0.04,4.0,0.020405632066152306,0.07693206820093293,0.5585481206496976,False
630,absent,3,200,11,200,0.0531192333353557,0.015,1.5,0.00511423779325831,0.04316572879269026,0.055,5.5,0.03098534170345884,0.0957869987723084,0.13869258252539812,False
631,absent,2,200,6,200,0.28409716587759604,0.01,1.0,0.0027466581335444384,0.0357217617161768,0.03,3.0,0.013820314340111346,0.06389429245451925,0.45946578678969235,False
632,absent,3,200,11,200,0.0531192333353557,0.015,1.5,0.00511423779325831,0.04316572879269026,0.055,5.5,0.03098534170345884,0.0957869987723084,0.13869258252539812,False
633,absent,1,200,11,200,0.005643517820915923,0.005,0.5,0.0008831687156009814,0.02777370439789293,0.055,5.5,0.03098534170345884,0.0957869987723084,0.03422689048796231,True
634,absent,1,200,13,200,0.0015407424057031092,0.005,0.5,0.0008831687156009814,0.02777370439789293,0.065,6.5,0.03837635464915299,0.10801907929906895,0.01627719799573446,True
635,absent,2,200,14,200,0.003508593826313664,0.01,1.0,0.0027466581335444384,0.0357217617161768,0.07,7.000000000000001,0.042152171828342806,0.11405480885610647,0.02553630026191542,True
636,absent,3,200,18,200,0.0011230179172948295,0.015,1.5,0.00511423779325831,0.04316572879269026,0.09,9.0,0.05768744886219316,0.13776571876716542,0.014423073251531634,True
637,absent,3,200,16,200,0.0035867780520552955,0.015,1.5,0.00511423779325831,0.04316572879269026,0.08,8.0,0.049840585889759974,0.12598948826714396,0.02553630026191542,True
638,absent,4,200,17,200,0.00581728278944199,0.02,2.0,0.0078044264163494685,0.050287086905826436,0.085,8.5,0.05374575017747561,0.13189587071565567,0.034639274791677305,True
639,absent,4,200,16,200,0.009865235831365988,0.02,2.0,0.0078044264163494685,0.050287086905826436,0.08,8.0,0.049840585889759974,0.12598948826714396,0.048221861713020314,True
640,absent,1,200,15,200,0.0004086579977070758,0.005,0.5,0.0008831687156009814,0.02777370439789293,0.075,7.5,0.04597491718438201,0.12004361023629456,0.0069192073827166875,True
641,absent,1,100,6,100,0.11840538106385108,0.01,1.0,0.0017674320641406505,0.054486196178705315,0.06,6.0,0.027786123963188192,0.1247681544589592,0.24699211655038997,False
642,absent,1,100,5,100,0.21164785269573166,0.01,1.0,0.0017674320641406505,0.054486196178705315,0.05,5.0,0.02154367915436796,0.11175046923191913,0.37366399869462064,False
643,absent,1,100,5,100,0.21164785269573166,0.01,1.0,0.0017674320641406505,0.054486196178705315,0.05,5.0,0.02154367915436796,0.11175046923191913,0.37366399869462064,False
644,absent,1,100,3,100,0.621202458995485,0.01,1.0,0.0017674320641406505,0.054486196178705315,0.03,3.0,0.010254524024038925,0.0845193642905276,0.7812473158835913,False
645,absent,2,100,3,100,1.0,0.02,2.0,0.00550196755016235,0.07001179072854388,0.03,3.0,0.010254524024038925,0.0845193642905276,1.0,False
646,absent,2,100,2,100,1.0,0.02,2.0,0.00550196755016235,0.07001179072854388,0.02,2.0,0.00550196755016235,0.07001179072854388,1.0,False
647,absent,1,100,2,100,1.0,0.01,1.0,0.0017674320641406505,0.054486196178705315,0.02,2.0,0.00550196755016235,0.07001179072854388,1.0,False
648,absent,2,100,3,100,1.0,0.02,2.0,0.00550196755016235,0.07001179072854388,0.03,3.0,0.010254524024038925,0.0845193642905276,1.0,False
649,absent,2,100,2,100,1.0,0.02,2.0,0.00550196755016235,0.07001179072854388,0.02,2.0,0.00550196755016235,0.07001179072854388,1.0,False
650,absent,3,100,4,100,1.0,0.03,3.0,0.010254524024038925,0.0845193642905276,0.04,4.0,0.01566330399154762,0.0983707143588792,1.0,False
651,absent,4,100,2,100,0.6827165895859618,0.04,4.0,0.01566330399154762,0.0983707143588792,0.02,2.0,0.00550196755016235,0.07001179072854388,0.8310404026270192,False
652,absent,4,100,2,100,0.6827165895859618,0.04,4.0,0.01566330399154762,0.0983707143588792,0.02,2.0,0.00550196755016235,0.07001179072854388,0.8310404026270192,False
653,absent,3,100,4,100,1.0,0.03,3.0,0.010254524024038925,0.0845193642905276,0.04,4.0,0.01566330399154762,0.0983707143588792,1.0,False
654,absent,3,100,4,100,1.0,0.03,3.0,0.010254524024038925,0.0845193642905276,0.04,4.0,0.01566330399154762,0.0983707143588792,1.0,False
655,absent,4,100,4,100,1.0,0.04,4.0,0.01566330399154762,0.0983707143588792,0.04,4.0,0.01566330399154762,0.0983707143588792,1.0,False
1,present,25,100,11,100,0.01590036514583616,0.25,25.0,0.17545211362287672,0.34304463548061603,0.11,11.0,0.06254196357064568,0.18631296503080313,0.06851802085870187,False
2,present,20,100,14,100,0.3467295671607656,0.2,20.0,0.1333669333310325,0.2888291655931589,0.14,14.000000000000002,0.08526343659939134,0.22137188210963837,0.5431564966091911,False
3,present,23,100,18,100,0.4838572031002542,0.23,23.0,0.15843265880303448,0.3215438302287378,0.18,18.0,0.1170022549894635,0.2666735838630073,0.6904577261356027,False
4,present,26,100,18,100,0.23192087400793293,0.26,26.0,0.18404698464748132,0.3537098944918718,0.18,18.0,0.1170022549894635,0.2666735838630073,0.41279394694346755,False
5,present,22,100,17,100,0.47563219392771783,0.22,22.0,0.150012823846054,0.31070353514985793,0.17,17.0,0.10893566114059931,0.25548004767601123,0.6847012901596817,False
6,present,22,100,13,100,0.13578497543057855,0.22,22.0,0.150012823846054,0.31070353514985793,0.13,13.0,0.07757167427240512,0.20980351440076428,0.2823465362127903,False
7,present,24,100,15,100,0.1527758097816516,0.24,24.0,0.16691325556948772,0.33232336349814473,0.15,15.0,0.0930598528365663,0.23283559590832364,0.3107706689657819,False
8,present,17,100,10,100,0.213885784297075,0.17,17.0,0.10893566114059931,0.25548004767601123,0.1,10.0,0.0552291370606751,0.17436566150491345,0.3959745899454421,False
9,present,20,100,11,100,0.11702598164480714,0.2,20.0,0.1333669333310325,0.2888291655931589,0.11,11.0,0.06254196357064568,0.18631296503080313,0.2652807487697103,False
10,present,16,100,8,100,0.12638829066083168,0.16,16.0,0.10095288488804782,0.24420269389270244,0.08,8.0,0.041093461484380624,0.14998107700948735,0.2709823449767532,False
11,present,10,100,6,100,0.4352503476443888,0.1,10.0,0.0552291370606751,0.17436566150491345,0.06,6.0,0.027786123963188192,0.1247681544589592,0.647929494788806,False
12,present,7,100,7,100,1.0,0.07,7.000000000000001,0.03431926106727268,0.137495147390735,0.07,7.000000000000001,0.03431926106727268,0.137495147390735,1.0,False
13,present,4,100,3,100,1.0,0.04,4.0,0.01566330399154762,0.0983707143588792,0.03,3.0,0.010254524024038925,0.0845193642905276,1.0,False
14,present,4,100,4,100,1.0,0.04,4.0,0.01566330399154762,0.0983707143588792,0.04,4.0,0.01566330399154762,0.0983707143588792,1.0,False
15,present,5,100,4,100,1.0,0.05,5.0,0.02154367915436796,0.11175046923191913,0.04,4.0,0.01566330399154762,0.0983707143588792,1.0,False
16,present,1,100,1,100,1.0,0.01,1.0,0.0017674320641406505,0.054486196178705315,0.01,1.0,0.0017674320641406505,0.054486196178705315,1.0,False
17,present,0,100,0,100,1.0,0.0,0.0,0.0,0.03699349820698568,0.0,0.0,0.0,0.03699349820698568,1.0,False
18,present,1,100,2,100,1.0,0.01,1.0,0.0017674320641406505,0.054486196178705315,0.02,2.0,0.00550196755016235,0.07001179072854388,1.0,False
19,present,5,100,0,100,0.059383210468586585,0.05,5.0,0.02154367915436796,0.11175046923191913,0.0,0.0,0.0,0.03699349820698568,0.17228998985345975,False
20,present,11,100,5,100,0.1912719200178157,0.11,11.0,0.06254196357064568,0.18631296503080313,0.05,5.0,0.02154367915436796,0.11175046923191913,0.36525687350340896,False
21,present,55,200,19,200,4.678013086371612e-06,0.275,27.500000000000004,0.21779700329307355,0.34068339357669647,0.095,9.5,0.06166310271738653,0.1436016116481994,0.0001532049285786703,True
22,present,52,200,21,200,8.551066264746973e-05,0.26,26.0,0.20413830063574687,0.32490745602534116,0.105,10.5,0.06970748792681017,0.1551803199112304,0.00107710546219409,True
23,present,58,200,23,200,1.8594679899798545e-05,0.29,28.999999999999996,0.23154025607067882,0.3563747810077731,0.115,11.5,0.07786373232561955,0.16664716898487572,0.00034798615241051563,True
24,present,45,200,22,200,0.0030155383516908877,0.225,22.5,0.17262369715089126,0.2877412323566053,0.11,11.0,0.07377244460125303,0.1609269099730149,0.018992092503437804,True
25,present,50,200,20,200,0.00011278172795779366,0.25,25.0,0.19508168006817497,0.31434098312045833,0.1,10.0,0.06567044866909588,0.1494058124327174,0.0012520683358026245,True
26,present,34,200,19,200,0.03818759354038171,0.17,17.0,0.12427907912586969,0.22815883628312625,0.095,9.5,0.06166310271738653,0.1436016116481994,0.12632764529772736,False
27,present,40,200,15,200,0.00041270362896296694,0.2,20.0,0.15045200926098115,0.2608551865653788,0.075,7.5,0.04597491718438201,0.12004361023629456,0.003618071775644568,True
28,present,21,200,11,200,0.09588121135802292,0.105,10.5,0.06970748792681017,0.1551803199112304,0.055,5.5,0.03098534170345884,0.0957869987723084,0.2406214308027012,False
29,present,37,200,10,200,3.5677552306540696e-05,0.185,18.5,0.13730192800616042,0.2445706276115175,0.05,5.0,0.02738264560076393,0.08957814813877599,0.000531109017290549,True
30,present,21,200,8,200,0.019275825961668578,0.105,10.5,0.06970748792681017,0.1551803199112304,0.04,4.0,0.020405632066152306,0.07693206820093293,0.0794067044332888,False
31,present,16,200,9,200,0.21455709171687756,0.08,8.0,0.049840585889759974,0.12598948826714396,0.045,4.5,0.023852543001492997,0.0832967040018196,0.3959745899454421,False
32,present,23,200,9,200,0.01541780861037603,0.115,11.5,0.07786373232561955,0.16664716898487572,0.045,4.5,0.023852543001492997,0.0832967040018196,0.06687857377348544,False
33,present,11,200,7,200,0.470382853224137,0.055,5.5,0.03098534170345884,0.0957869987723084,0.035,3.5000000000000004,0.017055542008567192,0.07047061152229073,0.6786360547616954,False
34,present,13,200,4,200,0.04436477931740206,0.065,6.5,0.03837635464915299,0.10801907929906895,0.02,2.0,0.0078044264163494685,0.050287086905826436,0.14285577190894694,False
35,present,16,200,6,200,0.04614514847729592,0.08,8.0,0.049840585889759974,0.12598948826714396,0.03,3.0,0.013820314340111346,0.06389429245451925,0.14672365171179041,False
36,present,12,200,5,200,0.13489187141753786,0.06,6.0,0.03465219425433187,0.1019316929576627,0.025,2.5,0.010724719651761264,0.05717834040664198,0.28138272540919523,False
37,present,8,200,2,200,0.10496985119732524,0.04,4.0,0.020405632066152306,0.07693206820093293,0.01,1.0,0.0027466581335444384,0.0357217617161768,0.2562153245292663,False
38,present,16,200,3,200,0.0035867780520552955,0.08,8.0,0.049840585889759974,0.12598948826714396,0.015,1.5,0.00511423779325831,0.04316572879269026,0.02097624664371624,True
39,present,14,200,1,200,0.0007961499762828994,0.07,7.000000000000001,0.042152171828342806,0.11405480885610647,0.005,0.5,0.0008831687156009814,0.02777370439789293,0.006282870294762639,True
40,present,28,200,5,200,3.288812310513082e-05,0.14,14.000000000000002,0.09866982633455634,0.1948988086570756,0.025,2.5,0.010724719651761264,0.05717834040664198,0.0005009702472990857,True
41,present,25,200,14,200,0.09083843393393357,0.125,12.5,0.08611974475712644,0.17801425002582347,0.07,7.000000000000001,0.042152171828342806,0.11405480885610647,0.22884297779510188,False
42,present,26,200,21,200,0.53490950815383,0.13,13.0,0.0902820227966932,0.18366351872248407,0.105,10.5,0.06970748792681017,0.1551803199112304,0.7224035625582653,False
43,present,28,200,22,200,0.4499606651362983,0.14,14.000000000000002,0.09866982633455634,0.1948988086570756,0.11,11.0,0.07377244460125303,0.1609269099730149,0.6593383348194081,False
44,present,22,200,19,200,0.742006267383585,0.11,11.0,0.07377244460125303,0.1609269099730149,0.095,9.5,0.06166310271738653,0.1436016116481994,0.8868870531683362,False
45,present,17,200,20,200,0.7304285798317993,0.085,8.5,0.05374575017747561,0.13189587071565567,0.1,10.0,0.06567044866909588,0.1494058124327174,0.877854531724456,False
46,present,11,200,14,200,0.680311326115725,0.055,5.5,0.03098534170345884,0.0957869987723084,0.07,7.000000000000001,0.042152171828342806,0.11405480885610647,0.843537250786824,False
47,present,9,200,12,200,0.654896662945544,0.045,4.5,0.023852543001492997,0.0832967040018196,0.06,6.0,0.03465219425433187,0.1019316929576627,0.8186208286819301,False
48,present,7,200,10,200,0.6214196207257269,0.035,3.5000000000000004,0.017055542008567192,0.07047061152229073,0.05,5.0,0.02738264560076393,0.08957814813877599,0.7919077274793893,False
49,present,5,200,11,200,0.2008219665044715,0.025,2.5,0.010724719651761264,0.05717834040664198,0.055,5.5,0.03098534170345884,0.0957869987723084,0.38016875161973657,False
50,present,4,200,7,200,0.5430878032125934,0.02,2.0,0.0078044264163494685,0.050287086905826436,0.035,3.5000000000000004,0.017055542008567192,0.07047061152229073,0.7237846558388945,False
51,present,4,200,7,200,0.5430878032125934,0.02,2.0,0.0078044264163494685,0.050287086905826436,0.035,3.5000000000000004,0.017055542008567192,0.07047061152229073,0.7237846558388945,False
52,present,7,200,7,200,1.0,0.035,3.5000000000000004,0.017055542008567192,0.07047061152229073,0.035,3.5000000000000004,0.017055542008567192,0.07047061152229073,1.0,False
53,present,6,200,7,200,1.0,0.03,3.0,0.013820314340111346,0.06389429245451925,0.035,3.5000000000000004,0.017055542008567192,0.07047061152229073,1.0,False
54,present,6,200,10,200,0.44511031882658353,0.03,3.0,0.013820314340111346,0.06389429245451925,0.05,5.0,0.02738264560076393,0.08957814813877599,0.6593383348194081,False
55,present,15,200,11,200,0.5436672529354749,0.075,7.5,0.04597491718438201,0.12004361023629456,0.055,5.5,0.03098534170345884,0.0957869987723084,0.7237846558388945,False
56,present,21,200,9,200,0.03524896817945262,0.105,10.5,0.06970748792681017,0.1551803199112304,0.045,4.5,0.023852543001492997,0.0832967040018196,0.12142922779105825,False
57,present,17,200,6,200,0.0296839474674666,0.085,8.5,0.05374575017747561,0.13189587071565567,0.03,3.0,0.013820314340111346,0.06389429245451925,0.10709270700487997,False
58,present,24,200,10,200,0.01862317533825564,0.12,12.0,0.08197992706375512,0.17234252098296743,0.05,5.0,0.02738264560076393,0.08957814813877599,0.07854127446456992,False
59,present,14,200,4,200,0.02727390432761944,0.07,7.000000000000001,0.042152171828342806,0.11405480885610647,0.02,2.0,0.0078044264163494685,0.050287086905826436,0.1038628333406438,False
60,present,21,200,12,200,0.1450423821907308,0.105,10.5,0.06970748792681017,0.1551803199112304,0.06,6.0,0.03465219425433187,0.1019316929576627,0.2959587549374725,False
61,present,19,200,28,200,0.21384450778863154,0.095,9.5,0.06166310271738653,0.1436016116481994,0.14,14.000000000000002,0.09866982633455634,0.1948988086570756,0.3959745899454421,False
62,present,21,200,34,200,0.08075554666142867,0.105,10.5,0.06970748792681017,0.1551803199112304,0.17,17.0,0.12427907912586969,0.22815883628312625,0.21414932414265497,False
63,present,23,200,36,200,0.09002130834136911,0.115,11.5,0.07786373232561955,0.16664716898487572,0.18,18.0,0.13294625859420173,0.23911475028724882,0.22854246885115026,False
64,present,22,200,30,200,0.29797179419950665,0.11,11.0,0.07377244460125303,0.1609269099730149,0.15,15.0,0.10713593562241995,0.20605579284166659,0.48671203291939363,False
65,present,20,200,31,200,0.13324840943259988,0.1,10.0,0.06567044866909588,0.1494058124327174,0.155,15.5,0.11139636927689314,0.21160690592342077,0.28138272540919523,False
66,present,22,200,24,200,0.8756361583722554,0.11,11.0,0.07377244460125303,0.1609269099730149,0.12,12.0,0.08197992706375512,0.17234252098296743,0.9820919242017591,False
67,present,23,200,23,200,1.0,0.115,11.5,0.07786373232561955,0.16664716898487572,0.115,11.5,0.07786373232561955,0.16664716898487572,1.0,False
68,present,20,200,22,200,0.8706438109444159,0.1,10.0,0.06567044866909588,0.1494058124327174,0.11,11.0,0.07377244460125303,0.1609269099730149,0.9798482752037669,False
69,present,16,200,19,200,0.7238993060306494,0.08,8.0,0.049840585889759974,0.12598948826714396,0.095,9.5,0.06166310271738653,0.1436016116481994,0.8764400100740765,False
70,present,14,200,21,200,0.2882918481681379,0.07,7.000000000000001,0.042152171828342806,0.11405480885610647,0.105,10.5,0.06970748792681017,0.1551803199112304,0.478854286498869,False
71,present,14,200,19,200,0.4677550793774621,0.07,7.000000000000001,0.042152171828342806,0.11405480885610647,0.095,9.5,0.06166310271738653,0.1436016116481994,0.6786360547616954,False
72,present,12,200,18,200,0.34271306144800756,0.06,6.0,0.03465219425433187,0.1019316929576627,0.09,9.0,0.05768744886219316,0.13776571876716542,0.539608305885685,False
73,present,10,200,10,200,1.0,0.05,5.0,0.02738264560076393,0.08957814813877599,0.05,5.0,0.02738264560076393,0.08957814813877599,1.0,False
74,present,6,200,7,200,1.0,0.03,3.0,0.013820314340111346,0.06389429245451925,0.035,3.5000000000000004,0.017055542008567192,0.07047061152229073,1.0,False
75,present,4,200,7,200,0.5430878032125934,0.02,2.0,0.0078044264163494685,0.050287086905826436,0.035,3.5000000000000004,0.017055542008567192,0.07047061152229073,0.7237846558388945,False
76,present,3,200,6,200,0.5028218860560039,0.015,1.5,0.00511423779325831,0.04316572879269026,0.03,3.0,0.013820314340111346,0.06389429245451925,0.6904577261356027,False
77,present,3,200,4,200,1.0,0.015,1.5,0.00511423779325831,0.04316572879269026,0.02,2.0,0.0078044264163494685,0.050287086905826436,1.0,False
78,present,3,200,13,200,0.018825923802957983,0.015,1.5,0.00511423779325831,0.04316572879269026,0.065,6.5,0.03837635464915299,0.10801907929906895,0.07854127446456992,False
79,present,3,200,8,200,0.220052212189427,0.015,1.5,0.00511423779325831,0.04316572879269026,0.04,4.0,0.020405632066152306,0.07693206820093293,0.39816077067423944,False
80,present,5,200,19,200,0.005143115252591754,0.025,2.5,0.010724719651761264,0.05717834040664198,0.095,9.5,0.06166310271738653,0.1436016116481994,0.02879265376450939,True
81,present,10,200,32,200,0.0004835845439626768,0.05,5.0,0.02738264560076393,0.08957814813877599,0.16,16.0,0.1156741203158702,0.21714070162067106,0.0041677352144151745,True
82,present,9,200,37,200,1.3679271535300059e-05,0.045,4.5,0.023852543001492997,0.0832967040018196,0.185,18.5,0.13730192800616042,0.2445706276115175,0.00029866409518738464,True
83,present,13,200,40,200,9.500792887145716e-05,0.065,6.5,0.03837635464915299,0.10801907929906895,0.2,20.0,0.15045200926098115,0.2608551865653788,0.001152410989088971,True
84,present,8,200,36,200,8.653069931648571e-06,0.04,4.0,0.020405632066152306,0.07693206820093293,0.18,18.0,0.13294625859420173,0.23911475028724882,0.0002179908002011467,True
85,present,5,200,32,200,2.795196343857453e-06,0.025,2.5,0.010724719651761264,0.05717834040664198,0.16,16.0,0.1156741203158702,0.21714070162067106,0.00010390354783250763,True
86,present,4,200,26,200,3.160712608207269e-05,0.02,2.0,0.0078044264163494685,0.050287086905826436,0.13,13.0,0.0902820227966932,0.18366351872248407,0.0005009702472990857,True
87,present,2,200,24,200,5.6355730876182775e-06,0.01,1.0,0.0027466581335444384,0.0357217617161768,0.12,12.0,0.08197992706375512,0.17234252098296743,0.00016049132053869443,True
88,present,2,200,21,200,4.1806085520875225e-05,0.01,1.0,0.0027466581335444384,0.0357217617161768,0.105,10.5,0.06970748792681017,0.1551803199112304,0.0005952823046994189,True
89,present,3,200,24,200,2.787724040248648e-05,0.015,1.5,0.00511423779325831,0.04316572879269026,0.12,12.0,0.08197992706375512,0.17234252098296743,0.0004681946785545806,True
90,present,1,200,21,200,6.623597581035746e-06,0.005,0.5,0.0008831687156009814,0.02777370439789293,0.105,10.5,0.06970748792681017,0.1551803199112304,0.00017523837707461614,True
91,present,3,200,22,200,9.864359008363897e-05,0.015,1.5,0.00511423779325831,0.04316572879269026,0.11,11.0,0.07377244460125303,0.1609269099730149,0.0011747554819051549,True
92,present,5,200,28,200,3.288812310513082e-05,0.025,2.5,0.010724719651761264,0.05717834040664198,0.14,14.000000000000002,0.09866982633455634,0.1948988086570756,0.0005009702472990857,True
93,present,4,200,19,200,0.0019531805933066517,0.02,2.0,0.0078044264163494685,0.050287086905826436,0.095,9.5,0.06166310271738653,0.1436016116481994,0.012793332886158568,True
94,present,6,200,17,200,0.0296839474674666,0.03,3.0,0.013820314340111346,0.06389429245451925,0.085,8.5,0.05374575017747561,0.13189587071565567,0.10709270700487997,False
95,present,9,200,20,200,0.052198246866101236,0.045,4.5,0.023852543001492997,0.0832967040018196,0.1,10.0,0.06567044866909588,0.1494058124327174,0.16107915664193512,False
96,present,7,200,15,200,0.12302340616644473,0.035,3.5000000000000004,0.017055542008567192,0.07047061152229073,0.075,7.5,0.04597491718438201,0.12004361023629456,0.2652807487697103,False
97,present,6,200,13,200,0.15685137067685614,0.03,3.0,0.013820314340111346,0.06389429245451925,0.065,6.5,0.03837635464915299,0.10801907929906895,0.3151461588752784,False
98,present,9,200,12,200,0.654896662945544,0.045,4.5,0.023852543001492997,0.0832967040018196,0.06,6.0,0.03465219425433187,0.1019316929576627,0.8186208286819301,False
99,present,6,200,11,200,0.3216938074971832,0.03,3.0,0.013820314340111346,0.06389429245451925,0.055,5.5,0.03098534170345884,0.0957869987723084,0.5164447154672916,False
100,present,10,200,21,200,0.059985753289696554,0.05,5.0,0.02738264560076393,0.08957814813877599,0.105,10.5,0.06970748792681017,0.1551803199112304,0.17228998985345975,False
101,present,11,200,38,200,5.1028859326788716e-05,0.055,5.5,0.03098534170345884,0.0957869987723084,0.19,19.0,0.14167171527790676,0.25001238707599854,0.000696331309563471,True
102,present,15,200,41,200,0.00025826376119368426,0.075,7.5,0.04597491718438201,0.12004361023629456,0.205,20.5,0.15486176203836208,0.26625698052422514,0.0026431681809666123,True
103,present,17,200,35,200,0.010938520562776005,0.085,8.5,0.05374575017747561,0.13189587071565567,0.175,17.5,0.12860515066273331,0.23364431148248993,0.052822929713995326,False
104,present,15,200,37,200,0.0015913239417458367,0.075,7.5,0.04597491718438201,0.12004361023629456,0.185,18.5,0.13730192800616042,0.2445706276115175,0.010745537957149722,True
105,present,15,200,34,200,0.00560972075691471,0.075,7.5,0.04597491718438201,0.12004361023629456,0.17,17.0,0.12427907912586969,0.22815883628312625,0.03054962126198289,True
106,present,15,200,37,200,0.0015913239417458367,0.075,7.5,0.04597491718438201,0.12004361023629456,0.185,18.5,0.13730192800616042,0.2445706276115175,0.010745537957149722,True
107,present,10,200,35,200,0.00010395535511869513,0.05,5.0,0.02738264560076393,0.08957814813877599,0.175,17.5,0.12860515066273331,0.23364431148248993,0.0011945746947850055,True
108,present,7,200,29,200,0.0001633877741167352,0.035,3.5000000000000004,0.017055542008567192,0.07047061152229073,0.145,14.499999999999998,0.10289350642004402,0.20048667530781522,0.0017261127749429285,True
109,present,5,200,31,200,5.233903171956624e-06,0.025,2.5,0.010724719651761264,0.05717834040664198,0.155,15.5,0.11139636927689314,0.21160690592342077,0.00015582757171052678,True
110,present,2,200,27,200,7.208073627990858e-07,0.01,1.0,0.0027466581335444384,0.0357217617161768,0.135,13.5,0.09446570454787906,0.18929138370752552,3.631760174103086e-05,True
111,present,3,200,25,200,1.4661933381956546e-05,0.015,1.5,0.00511423779325831,0.04316572879269026,0.125,12.5,0.08611974475712644,0.17801425002582347,0.0003097924633929528,True
112,present,2,200,25,200,2.855364673259752e-06,0.01,1.0,0.0027466581335444384,0.0357217617161768,0.125,12.5,0.08611974475712644,0.17801425002582347,0.00010390354783250763,True
113,present,3,200,18,200,0.0011230179172948295,0.015,1.5,0.00511423779325831,0.04316572879269026,0.09,9.0,0.05768744886219316,0.13776571876716542,0.008221663742241649,True
114,present,1,200,12,200,0.002960333899179786,0.005,0.5,0.0008831687156009814,0.02777370439789293,0.06,6.0,0.03465219425433187,0.1019316929576627,0.018825424310318056,True
115,present,1,200,15,200,0.0004086579977070758,0.005,0.5,0.0008831687156009814,0.02777370439789293,0.075,7.5,0.04597491718438201,0.12004361023629456,0.003618071775644568,True
116,present,4,200,17,200,0.00581728278944199,0.02,2.0,0.0078044264163494685,0.050287086905826436,0.085,8.5,0.05374575017747561,0.13189587071565567,0.030978213228329297,True
117,present,4,200,10,200,0.1718518734406313,0.02,2.0,0.0078044264163494685,0.050287086905826436,0.05,5.0,0.02738264560076393,0.08957814813877599,0.339045111757872,False
118,present,7,200,19,200,0.02398699978244159,0.035,3.5000000000000004,0.017055542008567192,0.07047061152229073,0.095,9.5,0.06166310271738653,0.1436016116481994,0.09408074764969605,False
119,present,5,200,16,200,0.02281868556552279,0.025,2.5,0.010724719651761264,0.05717834040664198,0.08,8.0,0.049840585889759974,0.12598948826714396,0.09113560393547213,False
120,present,5,200,30,200,9.730368506641436e-06,0.025,2.5,0.010724719651761264,0.05717834040664198,0.15,15.0,0.10713593562241995,0.20605579284166659,0.0002276211204232193,True
121,present,24,200,29,200,0.5555715577183292,0.12,12.0,0.08197992706375512,0.17234252098296743,0.145,14.499999999999998,0.10289350642004402,0.20048667530781522,0.7374709724162107,False
122,present,38,200,34,200,0.6964137879442724,0.19,19.0,0.14167171527790676,0.25001238707599854,0.17,17.0,0.12427907912586969,0.22815883628312625,0.8558180696125675,False
123,present,38,200,42,200,0.7078274141590789,0.19,19.0,0.14167171527790676,0.25001238707599854,0.21,21.0,0.15928412069979,0.2716461685990246,0.864781402644198,False
124,present,34,200,31,200,0.7865177591055664,0.17,17.0,0.12427907912586969,0.22815883628312625,0.155,15.5,0.11139636927689314,0.21160690592342077,0.9088757867360141,False
125,present,29,200,30,200,1.0,0.145,14.499999999999998,0.10289350642004402,0.20048667530781522,0.15,15.0,0.10713593562241995,0.20605579284166659,1.0,False
126,present,21,200,24,200,0.7519709900120825,0.105,10.5,0.06970748792681017,0.1551803199112304,0.12,12.0,0.08197992706375512,0.17234252098296743,0.8874612584827279,False
127,present,17,200,20,200,0.7304285798317993,0.085,8.5,0.05374575017747561,0.13189587071565567,0.1,10.0,0.06567044866909588,0.1494058124327174,0.877854531724456,False
128,present,11,200,15,200,0.5436672529354749,0.055,5.5,0.03098534170345884,0.0957869987723084,0.075,7.5,0.04597491718438201,0.12004361023629456,0.7237846558388945,False
129,present,11,200,18,200,0.24697186875854102,0.055,5.5,0.03098534170345884,0.0957869987723084,0.09,9.0,0.05768744886219316,0.13776571876716542,0.43223084306510956,False
130,present,11,200,15,200,0.5436672529354749,0.055,5.5,0.03098534170345884,0.0957869987723084,0.075,7.5,0.04597491718438201,0.12004361023629456,0.7237846558388945,False
131,present,16,200,15,200,1.0,0.08,8.0,0.049840585889759974,0.12598948826714396,0.075,7.5,0.04597491718438201,0.12004361023629456,1.0,False
132,present,12,200,26,200,0.02555072685751596,0.06,6.0,0.03465219425433187,0.1019316929576627,0.13,13.0,0.0902820227966932,0.18366351872248407,0.0984454475980762,False
133,present,11,200,20,200,0.13357144232976562,0.055,5.5,0.03098534170345884,0.0957869987723084,0.1,10.0,0.06567044866909588,0.1494058124327174,0.28138272540919523,False
134,present,12,200,22,200,0.10546850080418355,0.06,6.0,0.03465219425433187,0.1019316929576627,0.11,11.0,0.07377244460125303,0.1609269099730149,0.2562153245292663,False
135,present,20,200,27,200,0.3516377320468457,0.1,10.0,0.06567044866909588,0.1494058124327174,0.135,13.5,0.09446570454787906,0.18929138370752552,0.5483874154540094,False
136,present,16,200,27,200,0.10561547728687312,0.08,8.0,0.049840585889759974,0.12598948826714396,0.135,13.5,0.09446570454787906,0.18929138370752552,0.2562153245292663,False
137,present,4,200,23,200,0.0001949724783230853,0.02,2.0,0.0078044264163494685,0.050287086905826436,0.115,11.5,0.07786373232561955,0.16664716898487572,0.002027094814311442,True
138,present,22,200,26,200,0.644740418017583,0.11,11.0,0.07377244460125303,0.1609269099730149,0.13,13.0,0.0902820227966932,0.18366351872248407,0.8121249496183016,False
139,present,22,200,21,200,1.0,0.11,11.0,0.07377244460125303,0.1609269099730149,0.105,10.5,0.06970748792681017,0.1551803199112304,1.0,False
140,present,47,200,27,200,0.014049397859184532,0.235,23.5,0.18157433415232588,0.29841368882762537,0.135,13.5,0.09446570454787906,0.18929138370752552,0.064004698560508,False
141,present,55,200,27,200,0.000759390722903024,0.275,27.500000000000004,0.21779700329307355,0.34068339357669647,0.135,13.5,0.09446570454787906,0.18929138370752552,0.006217511543768509,True
142,present,70,200,31,200,1.017722663581001e-05,0.35,35.0,0.28728824127358077,0.4183653566395992,0.155,15.5,0.11139636927689314,0.21160690592342077,0.00022986494642950197,True
143,present,76,200,35,200,6.68848767460367e-06,0.38,38.0,0.31559005848673627,0.44893281984380773,0.175,17.5,0.12860515066273331,0.23364431148248993,0.00017523837707461614,True
144,present,62,200,28,200,6.722721596505599e-05,0.31,31.0,0.2499894483607809,0.37717177566258037,0.14,14.000000000000002,0.09866982633455634,0.1948988086570756,0.0008986495195328913,True
145,present,63,200,23,200,1.479410493698771e-06,0.315,31.5,0.2546232099022851,0.3823495608573036,0.115,11.5,0.07786373232561955,0.16664716898487572,6.473225058462097e-05,True
146,present,39,200,20,200,0.010687897300498595,0.195,19.5,0.1460552053440051,0.25544044374612745,0.1,10.0,0.06567044866909588,0.1494058124327174,0.05224308008825806,False
147,present,37,200,18,200,0.008505459421021344,0.185,18.5,0.13730192800616042,0.2445706276115175,0.09,9.0,0.05768744886219316,0.13776571876716542,0.04421488826007128,True
148,present,23,200,12,200,0.07555709467918026,0.115,11.5,0.07786373232561955,0.16664716898487572,0.06,6.0,0.03465219425433187,0.1019316929576627,0.20199957965250231,False
149,present,14,200,20,200,0.3702583558764785,0.07,7.000000000000001,0.042152171828342806,0.11405480885610647,0.1,10.0,0.06567044866909588,0.1494058124327174,0.5638084301386923,False
150,present,15,200,11,200,0.5436672529354749,0.075,7.5,0.04597491718438201,0.12004361023629456,0.055,5.5,0.03098534170345884,0.0957869987723084,0.7237846558388945,False
151,present,12,200,12,200,1.0,0.06,6.0,0.03465219425433187,0.1019316929576627,0.06,6.0,0.03465219425433187,0.1019316929576627,1.0,False
152,present,13,200,12,200,1.0,0.065,6.5,0.03837635464915299,0.10801907929906895,0.06,6.0,0.03465219425433187,0.1019316929576627,1.0,False
153,present,13,200,10,200,0.668403345882152,0.065,6.5,0.03837635464915299,0.10801907929906895,0.05,5.0,0.02738264560076393,0.08957814813877599,0.8339127458148754,False
154,present,10,200,11,200,1.0,0.05,5.0,0.02738264560076393,0.08957814813877599,0.055,5.5,0.03098534170345884,0.0957869987723084,1.0,False
155,present,13,200,18,200,0.4549750836452198,0.065,6.5,0.03837635464915299,0.10801907929906895,0.09,9.0,0.05768744886219316,0.13776571876716542,0.6651979459545067,False
156,present,33,200,21,200,0.10686480122762204,0.165,16.5,0.11996855328217307,0.2226578153905955,0.105,10.5,0.06970748792681017,0.1551803199112304,0.257339870603281,False
157,present,22,200,8,200,0.012430193582618274,0.11,11.0,0.07377244460125303,0.1609269099730149,0.04,4.0,0.020405632066152306,0.07693206820093293,0.05815554854724978,False
158,present,24,200,15,200,0.1769167878509516,0.12,12.0,0.08197992706375512,0.17234252098296743,0.075,7.5,0.04597491718438201,0.12004361023629456,0.34178108561776305,False
159,present,14,200,11,200,0.680311326115725,0.07,7.000000000000001,0.042152171828342806,0.11405480885610647,0.055,5.5,0.03098534170345884,0.0957869987723084,0.843537250786824,False
160,present,46,200,20,200,0.0006733304016078121,0.23,23.0,0.17709343259068805,0.2930830436530359,0.1,10.0,0.06567044866909588,0.1494058124327174,0.0055826761145964165,True
161,present,13,200,22,200,0.15608780347726603,0.065,6.5,0.03837635464915299,0.10801907929906895,0.11,11.0,0.07377244460125303,0.1609269099730149,0.3145769577772592,False
162,present,19,200,23,200,0.6250630459646478,0.095,9.5,0.06166310271738653,0.1436016116481994,0.115,11.5,0.07786373232561955,0.16664716898487572,0.7919077274793893,False
163,present,26,200,32,200,0.4779342861896145,0.13,13.0,0.0902820227966932,0.18366351872248407,0.16,16.0,0.1156741203158702,0.21714070162067106,0.6865064856451699,False
164,present,23,200,31,200,0.3057211661521634,0.115,11.5,0.07786373232561955,0.16664716898487572,0.155,15.5,0.11139636927689314,0.21160690592342077,0.49812777072056474,False
165,present,22,200,32,200,0.18752374836961225,0.11,11.0,0.07377244460125303,0.1609269099730149,0.16,16.0,0.1156741203158702,0.21714070162067106,0.3591463601815673,False
166,present,13,200,22,200,0.15608780347726603,0.065,6.5,0.03837635464915299,0.10801907929906895,0.11,11.0,0.07377244460125303,0.1609269099730149,0.3145769577772592,False
167,present,16,200,27,200,0.10561547728687312,0.08,8.0,0.049840585889759974,0.12598948826714396,0.135,13.5,0.09446570454787906,0.18929138370752552,0.2562153245292663,False
168,present,8,200,18,200,0.06612464458455802,0.04,4.0,0.020405632066152306,0.07693206820093293,0.09,9.0,0.05768744886219316,0.13776571876716542,0.18197487499697923,False
169,present,10,200,18,200,0.16920507622916595,0.05,5.0,0.02738264560076393,0.08957814813877599,0.09,9.0,0.05768744886219316,0.13776571876716542,0.33892759917462906,False
170,present,4,200,9,200,0.2588810337272207,0.02,2.0,0.0078044264163494685,0.050287086905826436,0.045,4.5,0.023852543001492997,0.0832967040018196,0.44043396647098587,False
171,present,3,200,10,200,0.08704284479400587,0.015,1.5,0.00511423779325831,0.04316572879269026,0.05,5.0,0.02738264560076393,0.08957814813877599,0.22270727867216344,False
172,present,3,200,12,200,0.03186704151246134,0.015,1.5,0.00511423779325831,0.04316572879269026,0.06,6.0,0.03465219425433187,0.1019316929576627,0.1122199580143128,False
173,present,1,200,7,200,0.06758178630705092,0.005,0.5,0.0008831687156009814,0.02777370439789293,0.035,3.5000000000000004,0.017055542008567192,0.07047061152229073,0.18197487499697923,False
174,present,1,200,9,200,0.019965834555431914,0.005,0.5,0.0008831687156009814,0.02777370439789293,0.045,4.5,0.023852543001492997,0.0832967040018196,0.08072605946795003,False
175,present,1,200,8,200,0.03696663788381058,0.005,0.5,0.0008831687156009814,0.02777370439789293,0.04,4.0,0.020405632066152306,0.07693206820093293,0.12353646843824453,False
176,present,3,200,10,200,0.08704284479400587,0.015,1.5,0.00511423779325831,0.04316572879269026,0.05,5.0,0.02738264560076393,0.08957814813877599,0.22270727867216344,False
177,present,1,200,6,200,0.1217106311996872,0.005,0.5,0.0008831687156009814,0.02777370439789293,0.03,3.0,0.013820314340111346,0.06389429245451925,0.2652807487697103,False
178,present,3,200,11,200,0.0531192333353557,0.015,1.5,0.00511423779325831,0.04316572879269026,0.055,5.5,0.03098534170345884,0.0957869987723084,0.16107915664193512,False
179,present,4,200,8,200,0.38032436917521395,0.02,2.0,0.0078044264163494685,0.050287086905826436,0.04,4.0,0.020405632066152306,0.07693206820093293,0.5739918474879381,False
180,present,10,200,20,200,0.08609680423939847,0.05,5.0,0.02738264560076393,0.08957814813877599,0.1,10.0,0.06567044866909588,0.1494058124327174,0.22270727867216344,False
181,present,25,200,18,200,0.3328542753921883,0.125,12.5,0.08611974475712644,0.17801425002582347,0.09,9.0,0.05768744886219316,0.13776571876716542,0.5302554361578702,False
182,present,31,200,18,200,0.06639687040401861,0.155,15.5,0.11139636927689314,0.21160690592342077,0.09,9.0,0.05768744886219316,0.13776571876716542,0.18197487499697923,False
183,present,30,200,21,200,0.2301786783044814,0.15,15.0,0.10713593562241995,0.20605579284166659,0.105,10.5,0.06970748792681017,0.1551803199112304,0.41279394694346755,False
184,present,23,200,19,200,0.6250630459646478,0.115,11.5,0.07786373232561955,0.16664716898487572,0.095,9.5,0.06166310271738653,0.1436016116481994,0.7919077274793893,False
185,present,30,200,19,200,0.1265963321570786,0.15,15.0,0.10713593562241995,0.20605579284166659,0.095,9.5,0.06166310271738653,0.1436016116481994,0.2709823449767532,False
186,present,17,200,11,200,0.3272883921905186,0.085,8.5,0.05374575017747561,0.13189587071565567,0.055,5.5,0.03098534170345884,0.0957869987723084,0.5228631631336333,False
187,present,28,200,20,200,0.281374898147473,0.14,14.000000000000002,0.09866982633455634,0.1948988086570756,0.1,10.0,0.06567044866909588,0.1494058124327174,0.47256553406819185,False
188,present,14,200,10,200,0.5284845781376694,0.07,7.000000000000001,0.042152171828342806,0.11405480885610647,0.05,5.0,0.02738264560076393,0.08957814813877599,0.7152012369425071,False
189,present,19,200,5,200,0.005143115252591754,0.095,9.5,0.06166310271738653,0.1436016116481994,0.025,2.5,0.010724719651761264,0.05717834040664198,0.02879265376450939,True
190,present,14,200,6,200,0.10620863572856883,0.07,7.000000000000001,0.042152171828342806,0.11405480885610647,0.03,3.0,0.013820314340111346,0.06389429245451925,0.25670352915945605,False
191,present,7,200,5,200,0.7709566108649247,0.035,3.5000000000000004,0.017055542008567192,0.07047061152229073,0.025,2.5,0.010724719651761264,0.05717834040664198,0.8969388634396549,False
192,present,13,200,8,200,0.3703219216571838,0.065,6.5,0.03837635464915299,0.10801907929906895,0.04,4.0,0.020405632066152306,0.07693206820093293,0.5638084301386923,False
193,present,1,200,5,200,0.215216723695538,0.005,0.5,0.0008831687156009814,0.02777370439789293,0.025,2.5,0.010724719651761264,0.05717834040664198,0.3959745899454421,False
194,present,2,200,5,200,0.44898195493516496,0.01,1.0,0.0027466581335444384,0.0357217617161768,0.025,2.5,0.010724719651761264,0.05717834040664198,0.6593383348194081,False
195,present,5,200,7,200,0.7709566108649247,0.025,2.5,0.010724719651761264,0.05717834040664198,0.035,3.5000000000000004,0.017055542008567192,0.07047061152229073,0.8969388634396549,False
196,present,8,200,6,200,0.7867672840905648,0.04,4.0,0.020405632066152306,0.07693206820093293,0.03,3.0,0.013820314340111346,0.06389429245451925,0.9088757867360141,False
197,present,2,200,5,200,0.44898195493516496,0.01,1.0,0.0027466581335444384,0.0357217617161768,0.025,2.5,0.010724719651761264,0.05717834040664198,0.6593383348194081,False
198,present,5,200,6,200,1.0,0.025,2.5,0.010724719651761264,0.05717834040664198,0.03,3.0,0.013820314340111346,0.06389429245451925,1.0,False
199,present,3,200,2,200,1.0,0.015,1.5,0.00511423779325831,0.04316572879269026,0.01,1.0,0.0027466581335444384,0.0357217617161768,1.0,False
200,present,7,200,8,200,1.0,0.035,3.5000000000000004,0.017055542008567192,0.07047061152229073,0.04,4.0,0.020405632066152306,0.07693206820093293,1.0,False
201,present,17,200,15,200,0.8541000370123,0.085,8.5,0.05374575017747561,0.13189587071565567,0.075,7.5,0.04597491718438201,0.12004361023629456,0.96288386272471,False
202,present,18,200,14,200,0.5809493272916076,0.09,9.0,0.05768744886219316,0.13776571876716542,0.07,7.000000000000001,0.042152171828342806,0.11405480885610647,0.7565045912047773,False
203,present,17,200,15,200,0.8541000370123,0.085,8.5,0.05374575017747561,0.13189587071565567,0.075,7.5,0.04597491718438201,0.12004361023629456,0.96288386272471,False
204,present,16,200,12,200,0.5573253913679761,0.08,8.0,0.049840585889759974,0.12598948826714396,0.06,6.0,0.03465219425433187,0.1019316929576627,0.7374709724162107,False
205,present,16,200,10,200,0.3105770455634504,0.08,8.0,0.049840585889759974,0.12598948826714396,0.05,5.0,0.02738264560076393,0.08957814813877599,0.503534566445693,False
206,present,11,200,7,200,0.470382853224137,0.055,5.5,0.03098534170345884,0.0957869987723084,0.035,3.5000000000000004,0.017055542008567192,0.07047061152229073,0.6786360547616954,False
207,present,14,200,10,200,0.5284845781376694,0.07,7.000000000000001,0.042152171828342806,0.11405480885610647,0.05,5.0,0.02738264560076393,0.08957814813877599,0.7152012369425071,False
208,present,9,200,9,200,1.0,0.045,4.5,0.023852543001492997,0.0832967040018196,0.045,4.5,0.023852543001492997,0.0832967040018196,1.0,False
209,present,12,200,8,200,0.492282525066481,0.06,6.0,0.03465219425433187,0.1019316929576627,0.04,4.0,0.020405632066152306,0.07693206820093293,0.6904577261356027,False
210,present,4,200,9,200,0.2588810337272207,0.02,2.0,0.0078044264163494685,0.050287086905826436,0.045,4.5,0.023852543001492997,0.0832967040018196,0.44043396647098587,False
211,present,2,200,8,200,0.10496985119732524,0.01,1.0,0.0027466581335444384,0.0357217617161768,0.04,4.0,0.020405632066152306,0.07693206820093293,0.2562153245292663,False
212,present,3,200,6,200,0.5028218860560039,0.015,1.5,0.00511423779325831,0.04316572879269026,0.03,3.0,0.013820314340111346,0.06389429245451925,0.6904577261356027,False
213,present,2,200,7,200,0.17473480578839212,0.01,1.0,0.0027466581335444384,0.0357217617161768,0.035,3.5000000000000004,0.017055542008567192,0.07047061152229073,0.33961809433648915,False
214,present,3,200,4,200,1.0,0.015,1.5,0.00511423779325831,0.04316572879269026,0.02,2.0,0.0078044264163494685,0.050287086905826436,1.0,False
215,present,1,200,6,200,0.1217106311996872,0.005,0.5,0.0008831687156009814,0.02777370439789293,0.03,3.0,0.013820314340111346,0.06389429245451925,0.2652807487697103,False
216,present,4,200,9,200,0.2588810337272207,0.02,2.0,0.0078044264163494685,0.050287086905826436,0.045,4.5,0.023852543001492997,0.0832967040018196,0.44043396647098587,False
217,present,0,200,4,200,0.12312266813128539,0.0,0.0,0.0,0.018845326377266575,0.02,2.0,0.0078044264163494685,0.050287086905826436,0.2652807487697103,False
218,present,0,200,6,200,0.03008405815098918,0.0,0.0,0.0,0.018845326377266575,0.03,3.0,0.013820314340111346,0.06389429245451925,0.10709270700487997,False
219,present,3,200,4,200,1.0,0.015,1.5,0.00511423779325831,0.04316572879269026,0.02,2.0,0.0078044264163494685,0.050287086905826436,1.0,False
220,present,16,200,12,200,0.5573253913679761,0.08,8.0,0.049840585889759974,0.12598948826714396,0.06,6.0,0.03465219425433187,0.1019316929576627,0.7374709724162107,False
221,present,7,200,15,200,0.12302340616644473,0.035,3.5000000000000004,0.017055542008567192,0.07047061152229073,0.075,7.5,0.04597491718438201,0.12004361023629456,0.2652807487697103,False
222,present,10,200,17,200,0.2313092360711259,0.05,5.0,0.02738264560076393,0.08957814813877599,0.085,8.5,0.05374575017747561,0.13189587071565567,0.41279394694346755,False
223,present,8,200,19,200,0.044492484686145306,0.04,4.0,0.020405632066152306,0.07693206820093293,0.095,9.5,0.06166310271738653,0.1436016116481994,0.14285577190894694,False
224,present,5,200,17,200,0.014071261973607866,0.025,2.5,0.010724719651761264,0.05717834040664198,0.085,8.5,0.05374575017747561,0.13189587071565567,0.064004698560508,False
225,present,4,200,16,200,0.009865235831365988,0.02,2.0,0.0078044264163494685,0.050287086905826436,0.08,8.0,0.049840585889759974,0.12598948826714396,0.05048226148081814,False
226,present,3,200,12,200,0.03186704151246134,0.015,1.5,0.00511423779325831,0.04316572879269026,0.06,6.0,0.03465219425433187,0.1019316929576627,0.1122199580143128,False
227,present,3,200,11,200,0.0531192333353557,0.015,1.5,0.00511423779325831,0.04316572879269026,0.055,5.5,0.03098534170345884,0.0957869987723084,0.16107915664193512,False
228,present,2,200,10,200,0.03577990986820495,0.01,1.0,0.0027466581335444384,0.0357217617161768,0.05,5.0,0.02738264560076393,0.08957814813877599,0.12142922779105825,False
229,present,2,200,9,200,0.061813965825287094,0.01,1.0,0.0027466581335444384,0.0357217617161768,0.045,4.5,0.023852543001492997,0.0832967040018196,0.17228998985345975,False
230,present,1,200,4,200,0.3718553310227711,0.005,0.5,0.0008831687156009814,0.02777370439789293,0.02,2.0,0.0078044264163494685,0.050287086905826436,0.5638084301386923,False
231,present,1,200,6,200,0.1217106311996872,0.005,0.5,0.0008831687156009814,0.02777370439789293,0.03,3.0,0.013820314340111346,0.06389429245451925,0.2652807487697103,False
232,present,2,200,8,200,0.10496985119732524,0.01,1.0,0.0027466581335444384,0.0357217617161768,0.04,4.0,0.020405632066152306,0.07693206820093293,0.2562153245292663,False
233,present,2,200,8,200,0.10496985119732524,0.01,1.0,0.0027466581335444384,0.0357217617161768,0.04,4.0,0.020405632066152306,0.07693206820093293,0.2562153245292663,False
234,present,3,200,7,200,0.3375196998342148,0.015,1.5,0.00511423779325831,0.04316572879269026,0.035,3.5000000000000004,0.017055542008567192,0.07047061152229073,0.5327118154009897,False
235,present,2,200,9,200,0.061813965825287094,0.01,1.0,0.0027466581335444384,0.0357217617161768,0.045,4.5,0.023852543001492997,0.0832967040018196,0.17228998985345975,False
236,present,4,200,6,200,0.7507751653886873,0.02,2.0,0.0078044264163494685,0.050287086905826436,0.03,3.0,0.013820314340111346,0.06389429245451925,0.8874612584827279,False
237,present,2,200,3,200,1.0,0.01,1.0,0.0027466581335444384,0.0357217617161768,0.015,1.5,0.00511423779325831,0.04316572879269026,1.0,False
238,present,2,200,7,200,0.17473480578839212,0.01,1.0,0.0027466581335444384,0.0357217617161768,0.035,3.5000000000000004,0.017055542008567192,0.07047061152229073,0.33961809433648915,False
239,present,1,200,9,200,0.019965834555431914,0.005,0.5,0.0008831687156009814,0.02777370439789293,0.045,4.5,0.023852543001492997,0.0832967040018196,0.08072605946795003,False
240,present,1,200,12,200,0.002960333899179786,0.005,0.5,0.0008831687156009814,0.02777370439789293,0.06,6.0,0.03465219425433187,0.1019316929576627,0.018825424310318056,True
241,present,1,200,14,200,0.0007961499762828994,0.005,0.5,0.0008831687156009814,0.02777370439789293,0.07,7.000000000000001,0.042152171828342806,0.11405480885610647,0.006282870294762639,True
242,present,3,200,16,200,0.0035867780520552955,0.015,1.5,0.00511423779325831,0.04316572879269026,0.08,8.0,0.049840585889759974,0.12598948826714396,0.02097624664371624,True
243,present,4,200,14,200,0.02727390432761944,0.02,2.0,0.0078044264163494685,0.050287086905826436,0.07,7.000000000000001,0.042152171828342806,0.11405480885610647,0.1038628333406438,False
244,present,3,200,11,200,0.0531192333353557,0.015,1.5,0.00511423779325831,0.04316572879269026,0.055,5.5,0.03098534170345884,0.0957869987723084,0.16107915664193512,False
245,present,3,200,10,200,0.08704284479400587,0.015,1.5,0.00511423779325831,0.04316572879269026,0.05,5.0,0.02738264560076393,0.08957814813877599,0.22270727867216344,False
246,present,1,200,5,200,0.215216723695538,0.005,0.5,0.0008831687156009814,0.02777370439789293,0.025,2.5,0.010724719651761264,0.05717834040664198,0.3959745899454421,False
247,present,1,200,6,200,0.1217106311996872,0.005,0.5,0.0008831687156009814,0.02777370439789293,0.03,3.0,0.013820314340111346,0.06389429245451925,0.2652807487697103,False
248,present,1,200,4,200,0.3718553310227711,0.005,0.5,0.0008831687156009814,0.02777370439789293,0.02,2.0,0.0078044264163494685,0.050287086905826436,0.5638084301386923,False
249,present,1,200,7,200,0.06758178630705092,0.005,0.5,0.0008831687156009814,0.02777370439789293,0.035,3.5000000000000004,0.017055542008567192,0.07047061152229073,0.18197487499697923,False
250,present,1,200,3,200,0.6231131986136627,0.005,0.5,0.0008831687156009814,0.02777370439789293,0.015,1.5,0.00511423779325831,0.04316572879269026,0.7919077274793893,False
251,present,1,200,6,200,0.1217106311996872,0.005,0.5,0.0008831687156009814,0.02777370439789293,0.03,3.0,0.013820314340111346,0.06389429245451925,0.2652807487697103,False
252,present,1,200,6,200,0.1217106311996872,0.005,0.5,0.0008831687156009814,0.02777370439789293,0.03,3.0,0.013820314340111346,0.06389429245451925,0.2652807487697103,False
253,present,2,200,5,200,0.44898195493516496,0.01,1.0,0.0027466581335444384,0.0357217617161768,0.025,2.5,0.010724719651761264,0.05717834040664198,0.6593383348194081,False
254,present,0,200,5,200,0.06093950240841398,0.0,0.0,0.0,0.018845326377266575,0.025,2.5,0.010724719651761264,0.05717834040664198,0.17228998985345975,False
255,present,0,200,8,200,0.007274559262275978,0.0,0.0,0.0,0.018845326377266575,0.04,4.0,0.020405632066152306,0.07693206820093293,0.03811869053432612,True
256,present,0,200,7,200,0.014812962642872846,0.0,0.0,0.0,0.018845326377266575,0.035,3.5000000000000004,0.017055542008567192,0.07047061152229073,0.06468327020721143,False
257,present,0,200,6,200,0.03008405815098918,0.0,0.0,0.0,0.018845326377266575,0.03,3.0,0.013820314340111346,0.06389429245451925,0.10709270700487997,False
258,present,0,200,9,200,0.003563049434584152,0.0,0.0,0.0,0.018845326377266575,0.045,4.5,0.023852543001492997,0.0832967040018196,0.02097624664371624,True
259,present,0,200,7,200,0.014812962642872846,0.0,0.0,0.0,0.018845326377266575,0.035,3.5000000000000004,0.017055542008567192,0.07047061152229073,0.06468327020721143,False
260,present,1,200,11,200,0.005643517820915923,0.005,0.5,0.0008831687156009814,0.02777370439789293,0.055,5.5,0.03098534170345884,0.0957869987723084,0.03054962126198289,True
261,present,6,200,19,200,0.011760532896853401,0.03,3.0,0.013820314340111346,0.06389429245451925,0.095,9.5,0.06166310271738653,0.1436016116481994,0.05581992063361578,False
262,present,13,200,27,200,0.02921167415262533,0.065,6.5,0.03837635464915299,0.10801907929906895,0.135,13.5,0.09446570454787906,0.18929138370752552,0.10709270700487997,False
263,present,15,200,29,200,0.03679724588052753,0.075,7.5,0.04597491718438201,0.12004361023629456,0.145,14.499999999999998,0.10289350642004402,0.20048667530781522,0.12353646843824453,False
264,present,13,200,24,200,0.0832502285148416,0.065,6.5,0.03837635464915299,0.10801907929906895,0.12,12.0,0.08197992706375512,0.17234252098296743,0.21899156496876002,False
265,present,11,200,27,200,0.009744597796478474,0.055,5.5,0.03098534170345884,0.0957869987723084,0.135,13.5,0.09446570454787906,0.18929138370752552,0.05025757131254646,False
266,present,5,200,17,200,0.014071261973607866,0.025,2.5,0.010724719651761264,0.05717834040664198,0.085,8.5,0.05374575017747561,0.13189587071565567,0.064004698560508,False
267,present,8,200,16,200,0.13914875099967378,0.04,4.0,0.020405632066152306,0.07693206820093293,0.08,8.0,0.049840585889759974,0.12598948826714396,0.2863908361600921,False
268,present,1,200,11,200,0.005643517820915923,0.005,0.5,0.0008831687156009814,0.02777370439789293,0.055,5.5,0.03098534170345884,0.0957869987723084,0.03054962126198289,True
269,present,6,200,11,200,0.3216938074971832,0.03,3.0,0.013820314340111346,0.06389429245451925,0.055,5.5,0.03098534170345884,0.0957869987723084,0.5164447154672916,False
270,present,0,200,7,200,0.014812962642872846,0.0,0.0,0.0,0.018845326377266575,0.035,3.5000000000000004,0.017055542008567192,0.07047061152229073,0.06468327020721143,False
271,present,3,200,6,200,0.5028218860560039,0.015,1.5,0.00511423779325831,0.04316572879269026,0.03,3.0,0.013820314340111346,0.06389429245451925,0.6904577261356027,False
272,present,3,200,7,200,0.3375196998342148,0.015,1.5,0.00511423779325831,0.04316572879269026,0.035,3.5000000000000004,0.017055542008567192,0.07047061152229073,0.5327118154009897,False
273,present,2,200,5,200,0.44898195493516496,0.01,1.0,0.0027466581335444384,0.0357217617161768,0.025,2.5,0.010724719651761264,0.05717834040664198,0.6593383348194081,False
274,present,3,200,4,200,1.0,0.015,1.5,0.00511423779325831,0.04316572879269026,0.02,2.0,0.0078044264163494685,0.050287086905826436,1.0,False
275,present,2,200,7,200,0.17473480578839212,0.01,1.0,0.0027466581335444384,0.0357217617161768,0.035,3.5000000000000004,0.017055542008567192,0.07047061152229073,0.33961809433648915,False
276,present,0,200,3,200,0.24812030075187969,0.0,0.0,0.0,0.018845326377266575,0.015,1.5,0.00511423779325831,0.04316572879269026,0.43223084306510956,False
277,present,2,200,4,200,0.6851325456772371,0.01,1.0,0.0027466581335444384,0.0357217617161768,0.02,2.0,0.0078044264163494685,0.050287086905826436,0.843537250786824,False
278,present,8,200,7,200,1.0,0.04,4.0,0.020405632066152306,0.07693206820093293,0.035,3.5000000000000004,0.017055542008567192,0.07047061152229073,1.0,False
279,present,4,200,10,200,0.1718518734406313,0.02,2.0,0.0078044264163494685,0.050287086905826436,0.05,5.0,0.02738264560076393,0.08957814813877599,0.339045111757872,False
280,present,15,200,17,200,0.8541000370123,0.075,7.5,0.04597491718438201,0.12004361023629456,0.085,8.5,0.05374575017747561,0.13189587071565567,0.96288386272471,False
281,present,19,200,18,200,1.0,0.095,9.5,0.06166310271738653,0.1436016116481994,0.09,9.0,0.05768744886219316,0.13776571876716542,1.0,False
282,present,19,200,22,200,0.742006267383585,0.095,9.5,0.06166310271738653,0.1436016116481994,0.11,11.0,0.07377244460125303,0.1609269099730149,0.8868870531683362,False
283,present,18,200,22,200,0.6175462804860286,0.09,9.0,0.05768744886219316,0.13776571876716542,0.11,11.0,0.07377244460125303,0.1609269099730149,0.7919077274793893,False
284,present,17,200,20,200,0.7304285798317993,0.085,8.5,0.05374575017747561,0.13189587071565567,0.1,10.0,0.06567044866909588,0.1494058124327174,0.877854531724456,False
285,present,15,200,18,200,0.7167824247885825,0.075,7.5,0.04597491718438201,0.12004361023629456,0.09,9.0,0.05768744886219316,0.13776571876716542,0.8726626175400028,False
286,present,13,200,13,200,1.0,0.065,6.5,0.03837635464915299,0.10801907929906895,0.065,6.5,0.03837635464915299,0.10801907929906895,1.0,False
287,present,13,200,17,200,0.5696909205352674,0.065,6.5,0.03837635464915299,0.10801907929906895,0.085,8.5,0.05374575017747561,0.13189587071565567,0.7492922750012051,False
288,present,8,200,14,200,0.2725950163882766,0.04,4.0,0.020405632066152306,0.07693206820093293,0.07,7.000000000000001,0.042152171828342806,0.11405480885610647,0.46136882618687636,False
289,present,7,200,10,200,0.6214196207257269,0.035,3.5000000000000004,0.017055542008567192,0.07047061152229073,0.05,5.0,0.02738264560076393,0.08957814813877599,0.7919077274793893,False
290,present,3,200,11,200,0.0531192333353557,0.015,1.5,0.00511423779325831,0.04316572879269026,0.055,5.5,0.03098534170345884,0.0957869987723084,0.16107915664193512,False
291,present,2,200,11,200,0.020401029390464672,0.01,1.0,0.0027466581335444384,0.0357217617161768,0.055,5.5,0.03098534170345884,0.0957869987723084,0.08197959663039485,False
292,present,5,200,12,200,0.13489187141753786,0.025,2.5,0.010724719651761264,0.05717834040664198,0.06,6.0,0.03465219425433187,0.1019316929576627,0.28138272540919523,False
293,present,1,200,10,200,0.010666249828797427,0.005,0.5,0.0008831687156009814,0.02777370439789293,0.05,5.0,0.02738264560076393,0.08957814813877599,0.05224308008825806,False
294,present,3,200,10,200,0.08704284479400587,0.015,1.5,0.00511423779325831,0.04316572879269026,0.05,5.0,0.02738264560076393,0.08957814813877599,0.22270727867216344,False
295,present,11,200,6,200,0.3216938074971832,0.055,5.5,0.03098534170345884,0.0957869987723084,0.03,3.0,0.013820314340111346,0.06389429245451925,0.5164447154672916,False
296,present,11,200,4,200,0.11156276084831519,0.055,5.5,0.03098534170345884,0.0957869987723084,0.02,2.0,0.0078044264163494685,0.050287086905826436,0.261912574751421,False
297,present,8,200,6,200,0.7867672840905648,0.04,4.0,0.020405632066152306,0.07693206820093293,0.03,3.0,0.013820314340111346,0.06389429245451925,0.9088757867360141,False
298,present,7,200,9,200,0.7995750933253848,0.035,3.5000000000000004,0.017055542008567192,0.07047061152229073,0.045,4.5,0.023852543001492997,0.0832967040018196,0.9188099756633809,False
299,present,5,200,10,200,0.29243009862526353,0.025,2.5,0.010724719651761264,0.05717834040664198,0.05,5.0,0.02738264560076393,0.08957814813877599,0.478854286498869,False
300,present,7,200,15,200,0.12302340616644473,0.035,3.5000000000000004,0.017055542008567192,0.07047061152229073,0.075,7.5,0.04597491718438201,0.12004361023629456,0.2652807487697103,False
301,present,35,200,13,200,0.0010553211338487855,0.175,17.5,0.12860515066273331,0.23364431148248993,0.065,6.5,0.03837635464915299,0.10801907929906895,0.00803762026361575,True
302,present,41,200,10,200,3.804349740654534e-06,0.205,20.5,0.15486176203836208,0.26625698052422514,0.05,5.0,0.02738264560076393,0.08957814813877599,0.00013114995158572209,True
303,present,33,200,10,200,0.00029237812745403033,0.165,16.5,0.11996855328217307,0.2226578153905955,0.05,5.0,0.02738264560076393,0.08957814813877599,0.002946271899729075,True
304,present,32,200,8,200,8.325330242791158e-05,0.16,16.0,0.1156741203158702,0.21714070162067106,0.04,4.0,0.020405632066152306,0.07693206820093293,0.0010692335900055311,True
305,present,34,200,7,200,9.386380254091552e-06,0.17,17.0,0.12427907912586969,0.22815883628312625,0.035,3.5000000000000004,0.017055542008567192,0.07047061152229073,0.0002276211204232193,True
306,present,31,200,8,200,0.00014356591131245593,0.155,15.5,0.11139636927689314,0.21160690592342077,0.04,4.0,0.020405632066152306,0.07693206820093293,0.001541568391961617,True
307,present,35,200,8,200,1.5426851415727215e-05,0.175,17.5,0.12860515066273331,0.23364431148248993,0.04,4.0,0.020405632066152306,0.07693206820093293,0.00031576836491566644,True
308,present,33,200,5,200,1.4824179523195642e-06,0.165,16.5,0.11996855328217307,0.2226578153905955,0.025,2.5,0.010724719651761264,0.05717834040664198,6.473225058462097e-05,True
309,present,41,200,5,200,7.345836237977653e-09,0.205,20.5,0.15486176203836208,0.26625698052422514,0.025,2.5,0.010724719651761264,0.05717834040664198,6.873603908393375e-07,True
310,present,41,200,6,200,3.238755887292744e-08,0.205,20.5,0.15486176203836208,0.26625698052422514,0.03,3.0,0.013820314340111346,0.06389429245451925,2.6517313827209344e-06,True
311,present,37,200,5,200,1.097248753209643e-07,0.185,18.5,0.13730192800616042,0.2445706276115175,0.025,2.5,0.010724719651761264,0.05717834040664198,7.186979333523162e-06,True
312,present,33,200,8,200,4.78615284644116e-05,0.165,16.5,0.11996855328217307,0.2226578153905955,0.04,4.0,0.020405632066152306,0.07693206820093293,0.000667006407323183,True
313,present,24,200,9,200,0.00999924762865417,0.12,12.0,0.08197992706375512,0.17234252098296743,0.045,4.5,0.023852543001492997,0.0832967040018196,0.050771373618360316,False
314,present,19,200,9,200,0.0761577911326154,0.095,9.5,0.06166310271738653,0.1436016116481994,0.045,4.5,0.023852543001492997,0.0832967040018196,0.20277785850350846,False
315,present,5,200,8,200,0.574633705892003,0.025,2.5,0.010724719651761264,0.05717834040664198,0.04,4.0,0.020405632066152306,0.07693206820093293,0.7512676194795648,False
316,present,12,200,7,200,0.34745430851794057,0.06,6.0,0.03465219425433187,0.1019316929576627,0.035,3.5000000000000004,0.017055542008567192,0.07047061152229073,0.5431564966091911,False
317,present,2,200,6,200,0.28409716587759604,0.01,1.0,0.0027466581335444384,0.0357217617161768,0.03,3.0,0.013820314340111346,0.06389429245451925,0.47349527646266004,False
318,present,8,200,7,200,1.0,0.04,4.0,0.020405632066152306,0.07693206820093293,0.035,3.5000000000000004,0.017055542008567192,0.07047061152229073,1.0,False
319,present,2,200,0,200,0.49874686716791977,0.01,1.0,0.0027466581335444384,0.0357217617161768,0.0,0.0,0.0,0.018845326377266575,0.6904577261356027,False
320,present,8,200,9,200,1.0,0.04,4.0,0.020405632066152306,0.07693206820093293,0.045,4.5,0.023852543001492997,0.0832967040018196,1.0,False
321,present,15,200,13,200,0.845039026929636,0.075,7.5,0.04597491718438201,0.12004361023629456,0.065,6.5,0.03837635464915299,0.10801907929906895,0.9592730721644914,False
322,present,19,200,19,200,1.0,0.095,9.5,0.06166310271738653,0.1436016116481994,0.095,9.5,0.06166310271738653,0.1436016116481994,1.0,False
323,present,20,200,19,200,1.0,0.1,10.0,0.06567044866909588,0.1494058124327174,0.095,9.5,0.06166310271738653,0.1436016116481994,1.0,False
324,present,25,200,14,200,0.09083843393393357,0.125,12.5,0.08611974475712644,0.17801425002582347,0.07,7.000000000000001,0.042152171828342806,0.11405480885610647,0.22884297779510188,False
325,present,24,200,13,200,0.0832502285148416,0.12,12.0,0.08197992706375512,0.17234252098296743,0.065,6.5,0.03837635464915299,0.10801907929906895,0.21899156496876002,False
326,present,17,200,10,200,0.2313092360711259,0.085,8.5,0.05374575017747561,0.13189587071565567,0.05,5.0,0.02738264560076393,0.08957814813877599,0.41279394694346755,False
327,present,19,200,13,200,0.35699511636469594,0.095,9.5,0.06166310271738653,0.1436016116481994,0.065,6.5,0.03837635464915299,0.10801907929906895,0.5554199553892538,False
328,present,10,200,9,200,1.0,0.05,5.0,0.02738264560076393,0.08957814813877599,0.045,4.5,0.023852543001492997,0.0832967040018196,1.0,False
329,present,5,200,10,200,0.29243009862526353,0.025,2.5,0.010724719651761264,0.05717834040664198,0.05,5.0,0.02738264560076393,0.08957814813877599,0.478854286498869,False
330,present,4,200,9,200,0.2588810337272207,0.02,2.0,0.0078044264163494685,0.050287086905826436,0.045,4.5,0.023852543001492997,0.0832967040018196,0.44043396647098587,False
331,present,5,200,10,200,0.29243009862526353,0.025,2.5,0.010724719651761264,0.05717834040664198,0.05,5.0,0.02738264560076393,0.08957814813877599,0.478854286498869,False
332,present,10,200,8,200,0.8102155801027142,0.05,5.0,0.02738264560076393,0.08957814813877599,0.04,4.0,0.020405632066152306,0.07693206820093293,0.9277818268658703,False
333,present,3,200,6,200,0.5028218860560039,0.015,1.5,0.00511423779325831,0.04316572879269026,0.03,3.0,0.013820314340111346,0.06389429245451925,0.6904577261356027,False
334,present,5,200,5,200,1.0,0.025,2.5,0.010724719651761264,0.05717834040664198,0.025,2.5,0.010724719651761264,0.05717834040664198,1.0,False
335,present,4,200,4,200,1.0,0.02,2.0,0.0078044264163494685,0.050287086905826436,0.02,2.0,0.0078044264163494685,0.050287086905826436,1.0,False
336,present,4,200,6,200,0.7507751653886873,0.02,2.0,0.0078044264163494685,0.050287086905826436,0.03,3.0,0.013820314340111346,0.06389429245451925,0.8874612584827279,False
337,present,4,200,5,200,1.0,0.02,2.0,0.0078044264163494685,0.050287086905826436,0.025,2.5,0.010724719651761264,0.05717834040664198,1.0,False
338,present,9,200,7,200,0.7995750933253848,0.045,4.5,0.023852543001492997,0.0832967040018196,0.035,3.5000000000000004,0.017055542008567192,0.07047061152229073,0.9188099756633809,False
339,present,11,200,8,200,0.6394096021951571,0.055,5.5,0.03098534170345884,0.0957869987723084,0.04,4.0,0.020405632066152306,0.07693206820093293,0.8069620220382041,False
340,present,27,200,12,200,0.017342018947363896,0.135,13.5,0.09446570454787906,0.18929138370752552,0.06,6.0,0.03465219425433187,0.1019316929576627,0.07424197653936832,False
341,present,19,200,22,200,0.742006267383585,0.095,9.5,0.06166310271738653,0.1436016116481994,0.11,11.0,0.07377244460125303,0.1609269099730149,0.8868870531683362,False
342,present,21,200,24,200,0.7519709900120825,0.105,10.5,0.06970748792681017,0.1551803199112304,0.12,12.0,0.08197992706375512,0.17234252098296743,0.8874612584827279,False
343,present,22,200,22,200,1.0,0.11,11.0,0.07377244460125303,0.1609269099730149,0.11,11.0,0.07377244460125303,0.1609269099730149,1.0,False
344,present,25,200,19,200,0.42456705164054964,0.125,12.5,0.08611974475712644,0.17801425002582347,0.095,9.5,0.06166310271738653,0.1436016116481994,0.6334656465251937,False
345,present,24,200,23,200,1.0,0.12,12.0,0.08197992706375512,0.17234252098296743,0.115,11.5,0.07786373232561955,0.16664716898487572,1.0,False
346,present,24,200,16,200,0.24308505159602783,0.12,12.0,0.08197992706375512,0.17234252098296743,0.08,8.0,0.049840585889759974,0.12598948826714396,0.43149243575988677,False
347,present,22,200,17,200,0.5006086004888739,0.11,11.0,0.07377244460125303,0.1609269099730149,0.085,8.5,0.05374575017747561,0.13189587071565567,0.6904577261356027,False
348,present,25,200,17,200,0.25336440045063,0.125,12.5,0.08611974475712644,0.17801425002582347,0.085,8.5,0.05374575017747561,0.13189587071565567,0.43672021656621757,False
349,present,17,200,17,200,1.0,0.085,8.5,0.05374575017747561,0.13189587071565567,0.085,8.5,0.05374575017747561,0.13189587071565567,1.0,False
350,present,14,200,18,200,0.5809493272916076,0.07,7.000000000000001,0.042152171828342806,0.11405480885610647,0.09,9.0,0.05768744886219316,0.13776571876716542,0.7565045912047773,False
351,present,7,200,15,200,0.12302340616644473,0.035,3.5000000000000004,0.017055542008567192,0.07047061152229073,0.075,7.5,0.04597491718438201,0.12004361023629456,0.2652807487697103,False
352,present,9,200,14,200,0.3907750540944154,0.045,4.5,0.023852543001492997,0.0832967040018196,0.07,7.000000000000001,0.042152171828342806,0.11405480885610647,0.5884084147858438,False
353,present,5,200,10,200,0.29243009862526353,0.025,2.5,0.010724719651761264,0.05717834040664198,0.05,5.0,0.02738264560076393,0.08957814813877599,0.478854286498869,False
354,present,3,200,8,200,0.220052212189427,0.015,1.5,0.00511423779325831,0.04316572879269026,0.04,4.0,0.020405632066152306,0.07693206820093293,0.39816077067423944,False
355,present,5,200,8,200,0.574633705892003,0.025,2.5,0.010724719651761264,0.05717834040664198,0.04,4.0,0.020405632066152306,0.07693206820093293,0.7512676194795648,False
356,present,2,200,9,200,0.061813965825287094,0.01,1.0,0.0027466581335444384,0.0357217617161768,0.045,4.5,0.023852543001492997,0.0832967040018196,0.17228998985345975,False
357,present,1,200,3,200,0.6231131986136627,0.005,0.5,0.0008831687156009814,0.02777370439789293,0.015,1.5,0.00511423779325831,0.04316572879269026,0.7919077274793893,False
358,present,0,200,8,200,0.007274559262275978,0.0,0.0,0.0,0.018845326377266575,0.04,4.0,0.020405632066152306,0.07693206820093293,0.03811869053432612,True
359,present,0,200,6,200,0.03008405815098918,0.0,0.0,0.0,0.018845326377266575,0.03,3.0,0.013820314340111346,0.06389429245451925,0.10709270700487997,False
360,present,4,200,11,200,0.11156276084831519,0.02,2.0,0.0078044264163494685,0.050287086905826436,0.055,5.5,0.03098534170345884,0.0957869987723084,0.261912574751421,False
361,present,14,200,13,200,1.0,0.07,7.000000000000001,0.042152171828342806,0.11405480885610647,0.065,6.5,0.03837635464915299,0.10801907929906895,1.0,False
362,present,19,200,18,200,1.0,0.095,9.5,0.06166310271738653,0.1436016116481994,0.09,9.0,0.05768744886219316,0.13776571876716542,1.0,False
363,present,13,200,17,200,0.5696909205352674,0.065,6.5,0.03837635464915299,0.10801907929906895,0.085,8.5,0.05374575017747561,0.13189587071565567,0.7492922750012051,False
364,present,17,200,14,200,0.7089887224731822,0.085,8.5,0.05374575017747561,0.13189587071565567,0.07,7.000000000000001,0.042152171828342806,0.11405480885610647,0.864781402644198,False
365,present,14,200,13,200,1.0,0.07,7.000000000000001,0.042152171828342806,0.11405480885610647,0.065,6.5,0.03837635464915299,0.10801907929906895,1.0,False
366,present,9,200,8,200,1.0,0.045,4.5,0.023852543001492997,0.0832967040018196,0.04,4.0,0.020405632066152306,0.07693206820093293,1.0,False
367,present,7,200,7,200,1.0,0.035,3.5000000000000004,0.017055542008567192,0.07047061152229073,0.035,3.5000000000000004,0.017055542008567192,0.07047061152229073,1.0,False
368,present,7,200,8,200,1.0,0.035,3.5000000000000004,0.017055542008567192,0.07047061152229073,0.04,4.0,0.020405632066152306,0.07693206820093293,1.0,False
369,present,11,200,6,200,0.3216938074971832,0.055,5.5,0.03098534170345884,0.0957869987723084,0.03,3.0,0.013820314340111346,0.06389429245451925,0.5164447154672916,False
370,present,5,200,4,200,1.0,0.025,2.5,0.010724719651761264,0.05717834040664198,0.02,2.0,0.0078044264163494685,0.050287086905826436,1.0,False
371,present,9,200,4,200,0.2588810337272207,0.045,4.5,0.023852543001492997,0.0832967040018196,0.02,2.0,0.0078044264163494685,0.050287086905826436,0.44043396647098587,False
372,present,4,200,2,200,0.6851325456772371,0.02,2.0,0.0078044264163494685,0.050287086905826436,0.01,1.0,0.0027466581335444384,0.0357217617161768,0.843537250786824,False
373,present,1,200,5,200,0.215216723695538,0.005,0.5,0.0008831687156009814,0.02777370439789293,0.025,2.5,0.010724719651761264,0.05717834040664198,0.3959745899454421,False
374,present,5,200,6,200,1.0,0.025,2.5,0.010724719651761264,0.05717834040664198,0.03,3.0,0.013820314340111346,0.06389429245451925,1.0,False
375,present,3,200,6,200,0.5028218860560039,0.015,1.5,0.00511423779325831,0.04316572879269026,0.03,3.0,0.013820314340111346,0.06389429245451925,0.6904577261356027,False
376,present,3,200,6,200,0.5028218860560039,0.015,1.5,0.00511423779325831,0.04316572879269026,0.03,3.0,0.013820314340111346,0.06389429245451925,0.6904577261356027,False
377,present,0,200,4,200,0.12312266813128539,0.0,0.0,0.0,0.018845326377266575,0.02,2.0,0.0078044264163494685,0.050287086905826436,0.2652807487697103,False
378,present,3,200,5,200,0.7237899366977799,0.015,1.5,0.00511423779325831,0.04316572879269026,0.025,2.5,0.010724719651761264,0.05717834040664198,0.8764400100740765,False
379,present,7,200,5,200,0.7709566108649247,0.035,3.5000000000000004,0.017055542008567192,0.07047061152229073,0.025,2.5,0.010724719651761264,0.05717834040664198,0.8969388634396549,False
380,present,13,200,11,200,0.833761889580177,0.065,6.5,0.03837635464915299,0.10801907929906895,0.055,5.5,0.03098534170345884,0.0957869987723084,0.9497635437826365,False
381,present,17,200,13,200,0.5696909205352674,0.085,8.5,0.05374575017747561,0.13189587071565567,0.065,6.5,0.03837635464915299,0.10801907929906895,0.7492922750012051,False
382,present,15,200,17,200,0.8541000370123,0.075,7.5,0.04597491718438201,0.12004361023629456,0.085,8.5,0.05374575017747561,0.13189587071565567,0.96288386272471,False
383,present,17,200,22,200,0.5006086004888739,0.085,8.5,0.05374575017747561,0.13189587071565567,0.11,11.0,0.07377244460125303,0.1609269099730149,0.6904577261356027,False
384,present,11,200,17,200,0.3272883921905186,0.055,5.5,0.03098534170345884,0.0957869987723084,0.085,8.5,0.05374575017747561,0.13189587071565567,0.5228631631336333,False
385,present,9,200,12,200,0.654896662945544,0.045,4.5,0.023852543001492997,0.0832967040018196,0.06,6.0,0.03465219425433187,0.1019316929576627,0.8186208286819301,False
386,present,4,200,13,200,0.04436477931740206,0.02,2.0,0.0078044264163494685,0.050287086905826436,0.065,6.5,0.03837635464915299,0.10801907929906895,0.14285577190894694,False
387,present,9,200,12,200,0.654896662945544,0.045,4.5,0.023852543001492997,0.0832967040018196,0.06,6.0,0.03465219425433187,0.1019316929576627,0.8186208286819301,False
388,present,4,200,11,200,0.11156276084831519,0.02,2.0,0.0078044264163494685,0.050287086905826436,0.055,5.5,0.03098534170345884,0.0957869987723084,0.261912574751421,False
389,present,5,200,12,200,0.13489187141753786,0.025,2.5,0.010724719651761264,0.05717834040664198,0.06,6.0,0.03465219425433187,0.1019316929576627,0.28138272540919523,False
390,present,5,200,12,200,0.13489187141753786,0.025,2.5,0.010724719651761264,0.05717834040664198,0.06,6.0,0.03465219425433187,0.1019316929576627,0.28138272540919523,False
391,present,3,200,9,200,0.13991613369653352,0.015,1.5,0.00511423779325831,0.04316572879269026,0.045,4.5,0.023852543001492997,0.0832967040018196,0.2863908361600921,False
392,present,6,200,9,200,0.6001886576698091,0.03,3.0,0.013820314340111346,0.06389429245451925,0.045,4.5,0.023852543001492997,0.0832967040018196,0.7784625163836137,False
393,present,5,200,7,200,0.7709566108649247,0.025,2.5,0.010724719651761264,0.05717834040664198,0.035,3.5000000000000004,0.017055542008567192,0.07047061152229073,0.8969388634396549,False
394,present,8,200,7,200,1.0,0.04,4.0,0.020405632066152306,0.07693206820093293,0.035,3.5000000000000004,0.017055542008567192,0.07047061152229073,1.0,False
395,present,9,200,7,200,0.7995750933253848,0.045,4.5,0.023852543001492997,0.0832967040018196,0.035,3.5000000000000004,0.017055542008567192,0.07047061152229073,0.9188099756633809,False
396,present,10,200,4,200,0.1718518734406313,0.05,5.0,0.02738264560076393,0.08957814813877599,0.02,2.0,0.0078044264163494685,0.050287086905826436,0.339045111757872,False
397,present,6,200,3,200,0.5028218860560039,0.03,3.0,0.013820314340111346,0.06389429245451925,0.015,1.5,0.00511423779325831,0.04316572879269026,0.6904577261356027,False
398,present,4,200,1,200,0.3718553310227711,0.02,2.0,0.0078044264163494685,0.050287086905826436,0.005,0.5,0.0008831687156009814,0.02777370439789293,0.5638084301386923,False
399,present,4,200,1,200,0.3718553310227711,0.02,2.0,0.0078044264163494685,0.050287086905826436,0.005,0.5,0.0008831687156009814,0.02777370439789293,0.5638084301386923,False
400,present,4,200,6,200,0.7507751653886873,0.02,2.0,0.0078044264163494685,0.050287086905826436,0.03,3.0,0.013820314340111346,0.06389429245451925,0.8874612584827279,False
401,present,3,200,14,200,0.010967814413898267,0.015,1.5,0.00511423779325831,0.04316572879269026,0.07,7.000000000000001,0.042152171828342806,0.11405480885610647,0.052822929713995326,False
402,present,6,200,16,200,0.04614514847729592,0.03,3.0,0.013820314340111346,0.06389429245451925,0.08,8.0,0.049840585889759974,0.12598948826714396,0.14672365171179041,False
403,present,9,200,20,200,0.052198246866101236,0.045,4.5,0.023852543001492997,0.0832967040018196,0.1,10.0,0.06567044866909588,0.1494058124327174,0.16107915664193512,False
404,present,9,200,21,200,0.03524896817945262,0.045,4.5,0.023852543001492997,0.0832967040018196,0.105,10.5,0.06970748792681017,0.1551803199112304,0.12142922779105825,False
405,present,11,200,18,200,0.24697186875854102,0.055,5.5,0.03098534170345884,0.0957869987723084,0.09,9.0,0.05768744886219316,0.13776571876716542,0.43223084306510956,False
406,present,7,200,14,200,0.17741308261074723,0.035,3.5000000000000004,0.017055542008567192,0.07047061152229073,0.07,7.000000000000001,0.042152171828342806,0.11405480885610647,0.34178108561776305,False
407,present,10,200,15,200,0.4091921332977685,0.05,5.0,0.02738264560076393,0.08957814813877599,0.075,7.5,0.04597491718438201,0.12004361023629456,0.6147267140138494,False
408,present,5,200,12,200,0.13489187141753786,0.025,2.5,0.010724719651761264,0.05717834040664198,0.06,6.0,0.03465219425433187,0.1019316929576627,0.28138272540919523,False
409,present,4,200,11,200,0.11156276084831519,0.02,2.0,0.0078044264163494685,0.050287086905826436,0.055,5.5,0.03098534170345884,0.0957869987723084,0.261912574751421,False
410,present,3,200,9,200,0.13991613369653352,0.015,1.5,0.00511423779325831,0.04316572879269026,0.045,4.5,0.023852543001492997,0.0832967040018196,0.2863908361600921,False
411,present,2,200,9,200,0.061813965825287094,0.01,1.0,0.0027466581335444384,0.0357217617161768,0.045,4.5,0.023852543001492997,0.0832967040018196,0.17228998985345975,False
412,present,2,200,9,200,0.061813965825287094,0.01,1.0,0.0027466581335444384,0.0357217617161768,0.045,4.5,0.023852543001492997,0.0832967040018196,0.17228998985345975,False
413,present,1,200,7,200,0.06758178630705092,0.005,0.5,0.0008831687156009814,0.02777370439789293,0.035,3.5000000000000004,0.017055542008567192,0.07047061152229073,0.18197487499697923,False
414,present,2,200,7,200,0.17473480578839212,0.01,1.0,0.0027466581335444384,0.0357217617161768,0.035,3.5000000000000004,0.017055542008567192,0.07047061152229073,0.33961809433648915,False
415,present,2,200,9,200,0.061813965825287094,0.01,1.0,0.0027466581335444384,0.0357217617161768,0.045,4.5,0.023852543001492997,0.0832967040018196,0.17228998985345975,False
416,present,2,200,5,200,0.44898195493516496,0.01,1.0,0.0027466581335444384,0.0357217617161768,0.025,2.5,0.010724719651761264,0.05717834040664198,0.6593383348194081,False
417,present,2,200,3,200,1.0,0.01,1.0,0.0027466581335444384,0.0357217617161768,0.015,1.5,0.00511423779325831,0.04316572879269026,1.0,False
418,present,1,200,3,200,0.6231131986136627,0.005,0.5,0.0008831687156009814,0.02777370439789293,0.015,1.5,0.00511423779325831,0.04316572879269026,0.7919077274793893,False
419,present,1,200,3,200,0.6231131986136627,0.005,0.5,0.0008831687156009814,0.02777370439789293,0.015,1.5,0.00511423779325831,0.04316572879269026,0.7919077274793893,False
420,present,2,200,6,200,0.28409716587759604,0.01,1.0,0.0027466581335444384,0.0357217617161768,0.03,3.0,0.013820314340111346,0.06389429245451925,0.47349527646266004,False
421,present,2,200,14,200,0.003508593826313664,0.01,1.0,0.0027466581335444384,0.0357217617161768,0.07,7.000000000000001,0.042152171828342806,0.11405480885610647,0.02097624664371624,True
422,present,1,200,15,200,0.0004086579977070758,0.005,0.5,0.0008831687156009814,0.02777370439789293,0.075,7.5,0.04597491718438201,0.12004361023629456,0.003618071775644568,True
423,present,1,200,19,200,2.6734692269298586e-05,0.005,0.5,0.0008831687156009814,0.02777370439789293,0.095,9.5,0.06166310271738653,0.1436016116481994,0.00046082166937869926,True
424,present,7,200,15,200,0.12302340616644473,0.035,3.5000000000000004,0.017055542008567192,0.07047061152229073,0.075,7.5,0.04597491718438201,0.12004361023629456,0.2652807487697103,False
425,present,4,200,8,200,0.38032436917521395,0.02,2.0,0.0078044264163494685,0.050287086905826436,0.04,4.0,0.020405632066152306,0.07693206820093293,0.5739918474879381,False
426,present,4,200,10,200,0.1718518734406313,0.02,2.0,0.0078044264163494685,0.050287086905826436,0.05,5.0,0.02738264560076393,0.08957814813877599,0.339045111757872,False
427,present,1,200,6,200,0.1217106311996872,0.005,0.5,0.0008831687156009814,0.02777370439789293,0.03,3.0,0.013820314340111346,0.06389429245451925,0.2652807487697103,False
428,present,0,200,3,200,0.24812030075187969,0.0,0.0,0.0,0.018845326377266575,0.015,1.5,0.00511423779325831,0.04316572879269026,0.43223084306510956,False
429,present,0,200,4,200,0.12312266813128539,0.0,0.0,0.0,0.018845326377266575,0.02,2.0,0.0078044264163494685,0.050287086905826436,0.2652807487697103,False
430,present,1,200,3,200,0.6231131986136627,0.005,0.5,0.0008831687156009814,0.02777370439789293,0.015,1.5,0.00511423779325831,0.04316572879269026,0.7919077274793893,False
431,present,1,200,2,200,1.0,0.005,0.5,0.0008831687156009814,0.02777370439789293,0.01,1.0,0.0027466581335444384,0.0357217617161768,1.0,False
432,present,1,200,1,200,1.0,0.005,0.5,0.0008831687156009814,0.02777370439789293,0.005,0.5,0.0008831687156009814,0.02777370439789293,1.0,False
433,present,1,200,1,200,1.0,0.005,0.5,0.0008831687156009814,0.02777370439789293,0.005,0.5,0.0008831687156009814,0.02777370439789293,1.0,False
434,present,2,200,0,200,0.49874686716791977,0.01,1.0,0.0027466581335444384,0.0357217617161768,0.0,0.0,0.0,0.018845326377266575,0.6904577261356027,False
435,present,1,200,1,200,1.0,0.005,0.5,0.0008831687156009814,0.02777370439789293,0.005,0.5,0.0008831687156009814,0.02777370439789293,1.0,False
436,present,2,200,2,200,1.0,0.01,1.0,0.0027466581335444384,0.0357217617161768,0.01,1.0,0.0027466581335444384,0.0357217617161768,1.0,False
437,present,1,200,0,200,1.0,0.005,0.5,0.0008831687156009814,0.02777370439789293,0.0,0.0,0.0,0.018845326377266575,1.0,False
438,present,0,200,2,200,0.49874686716791977,0.0,0.0,0.0,0.018845326377266575,0.01,1.0,0.0027466581335444384,0.0357217617161768,0.6904577261356027,False
439,present,0,200,4,200,0.12312266813128539,0.0,0.0,0.0,0.018845326377266575,0.02,2.0,0.0078044264163494685,0.050287086905826436,0.2652807487697103,False
440,present,1,200,10,200,0.010666249828797427,0.005,0.5,0.0008831687156009814,0.02777370439789293,0.05,5.0,0.02738264560076393,0.08957814813877599,0.05224308008825806,False
441,present,3,200,18,200,0.0011230179172948295,0.015,1.5,0.00511423779325831,0.04316572879269026,0.09,9.0,0.05768744886219316,0.13776571876716542,0.008221663742241649,True
442,present,4,200,24,200,0.00010716908252566609,0.02,2.0,0.0078044264163494685,0.050287086905826436,0.12,12.0,0.08197992706375512,0.17234252098296743,0.0012102715354191601,True
443,present,4,200,27,200,1.6969541841841543e-05,0.02,2.0,0.0078044264163494685,0.050287086905826436,0.135,13.5,0.09446570454787906,0.18929138370752552,0.0003269132325413591,True
444,present,4,200,20,200,0.0011137241040210986,0.02,2.0,0.0078044264163494685,0.050287086905826436,0.1,10.0,0.06567044866909588,0.1494058124327174,0.008221663742241649,True
445,present,4,200,17,200,0.00581728278944199,0.02,2.0,0.0078044264163494685,0.050287086905826436,0.085,8.5,0.05374575017747561,0.13189587071565567,0.030978213228329297,True
446,present,2,200,12,200,0.011477882860039847,0.01,1.0,0.0027466581335444384,0.0357217617161768,0.06,6.0,0.03465219425433187,0.1019316929576627,0.05487600929435109,False
447,present,1,200,13,200,0.0015407424057031092,0.005,0.5,0.0008831687156009814,0.02777370439789293,0.065,6.5,0.03837635464915299,0.10801907929906895,0.010736024209952516,True
448,present,2,200,10,200,0.03577990986820495,0.01,1.0,0.0027466581335444384,0.0357217617161768,0.05,5.0,0.02738264560076393,0.08957814813877599,0.12142922779105825,False
449,present,2,200,10,200,0.03577990986820495,0.01,1.0,0.0027466581335444384,0.0357217617161768,0.05,5.0,0.02738264560076393,0.08957814813877599,0.12142922779105825,False
450,present,1,200,6,200,0.1217106311996872,0.005,0.5,0.0008831687156009814,0.02777370439789293,0.03,3.0,0.013820314340111346,0.06389429245451925,0.2652807487697103,False
451,present,1,200,6,200,0.1217106311996872,0.005,0.5,0.0008831687156009814,0.02777370439789293,0.03,3.0,0.013820314340111346,0.06389429245451925,0.2652807487697103,False
452,present,1,200,6,200,0.1217106311996872,0.005,0.5,0.0008831687156009814,0.02777370439789293,0.03,3.0,0.013820314340111346,0.06389429245451925,0.2652807487697103,False
453,present,1,200,6,200,0.1217106311996872,0.005,0.5,0.0008831687156009814,0.02777370439789293,0.03,3.0,0.013820314340111346,0.06389429245451925,0.2652807487697103,False
454,present,1,200,4,200,0.3718553310227711,0.005,0.5,0.0008831687156009814,0.02777370439789293,0.02,2.0,0.0078044264163494685,0.050287086905826436,0.5638084301386923,False
455,present,3,200,13,200,0.018825923802957983,0.015,1.5,0.00511423779325831,0.04316572879269026,0.065,6.5,0.03837635464915299,0.10801907929906895,0.07854127446456992,False
456,present,3,200,11,200,0.0531192333353557,0.015,1.5,0.00511423779325831,0.04316572879269026,0.055,5.5,0.03098534170345884,0.0957869987723084,0.16107915664193512,False
457,present,1,200,7,200,0.06758178630705092,0.005,0.5,0.0008831687156009814,0.02777370439789293,0.035,3.5000000000000004,0.017055542008567192,0.07047061152229073,0.18197487499697923,False
458,present,1,200,10,200,0.010666249828797427,0.005,0.5,0.0008831687156009814,0.02777370439789293,0.05,5.0,0.02738264560076393,0.08957814813877599,0.05224308008825806,False
459,present,0,200,7,200,0.014812962642872846,0.0,0.0,0.0,0.018845326377266575,0.035,3.5000000000000004,0.017055542008567192,0.07047061152229073,0.06468327020721143,False
460,present,2,200,17,200,0.0005511277805865461,0.01,1.0,0.0027466581335444384,0.0357217617161768,0.085,8.5,0.05374575017747561,0.13189587071565567,0.004688164886807632,True
461,present,13,200,26,200,0.04196814267782009,0.065,6.5,0.03837635464915299,0.10801907929906895,0.13,13.0,0.0902820227966932,0.18366351872248407,0.136761857979961,False
462,present,16,200,30,200,0.040678236918214594,0.08,8.0,0.049840585889759974,0.12598948826714396,0.15,15.0,0.10713593562241995,0.20605579284166659,0.1332212259071528,False
463,present,21,200,31,200,0.18046372664812957,0.105,10.5,0.06970748792681017,0.1551803199112304,0.155,15.5,0.11139636927689314,0.21160690592342077,0.3466385365235333,False
464,present,10,200,25,200,0.012280896990802828,0.05,5.0,0.02738264560076393,0.08957814813877599,0.125,12.5,0.08611974475712644,0.17801425002582347,0.05787041387752412,False
465,present,4,200,22,200,0.0003517068379872675,0.02,2.0,0.0078044264163494685,0.050287086905826436,0.11,11.0,0.07377244460125303,0.1609269099730149,0.0033386663606037714,True
466,present,1,200,19,200,2.6734692269298586e-05,0.005,0.5,0.0008831687156009814,0.02777370439789293,0.095,9.5,0.06166310271738653,0.1436016116481994,0.00046082166937869926,True
467,present,1,200,19,200,2.6734692269298586e-05,0.005,0.5,0.0008831687156009814,0.02777370439789293,0.095,9.5,0.06166310271738653,0.1436016116481994,0.00046082166937869926,True
468,present,0,200,10,200,0.0017405177544899566,0.0,0.0,0.0,0.018845326377266575,0.05,5.0,0.02738264560076393,0.08957814813877599,0.011633052338682873,True
469,present,0,200,12,200,0.0004119833403449631,0.0,0.0,0.0,0.018845326377266575,0.06,6.0,0.03465219425433187,0.1019316929576627,0.003618071775644568,True
470,present,0,200,9,200,0.003563049434584152,0.0,0.0,0.0,0.018845326377266575,0.045,4.5,0.023852543001492997,0.0832967040018196,0.02097624664371624,True
471,present,1,200,9,200,0.019965834555431914,0.005,0.5,0.0008831687156009814,0.02777370439789293,0.045,4.5,0.023852543001492997,0.0832967040018196,0.08072605946795003,False
472,present,2,200,9,200,0.061813965825287094,0.01,1.0,0.0027466581335444384,0.0357217617161768,0.045,4.5,0.023852543001492997,0.0832967040018196,0.17228998985345975,False
473,present,3,200,6,200,0.5028218860560039,0.015,1.5,0.00511423779325831,0.04316572879269026,0.03,3.0,0.013820314340111346,0.06389429245451925,0.6904577261356027,False
474,present,3,200,8,200,0.220052212189427,0.015,1.5,0.00511423779325831,0.04316572879269026,0.04,4.0,0.020405632066152306,0.07693206820093293,0.39816077067423944,False
475,present,9,200,6,200,0.6001886576698091,0.045,4.5,0.023852543001492997,0.0832967040018196,0.03,3.0,0.013820314340111346,0.06389429245451925,0.7784625163836137,False
476,present,13,200,7,200,0.25090216415224686,0.065,6.5,0.03837635464915299,0.10801907929906895,0.035,3.5000000000000004,0.017055542008567192,0.07047061152229073,0.43361719662195697,False
477,present,7,200,5,200,0.7709566108649247,0.035,3.5000000000000004,0.017055542008567192,0.07047061152229073,0.025,2.5,0.010724719651761264,0.05717834040664198,0.8969388634396549,False
478,present,17,200,9,200,0.15454462056276955,0.085,8.5,0.05374575017747561,0.13189587071565567,0.045,4.5,0.023852543001492997,0.0832967040018196,0.3133954379833252,False
479,present,19,200,10,200,0.12168092523899227,0.095,9.5,0.06166310271738653,0.1436016116481994,0.05,5.0,0.02738264560076393,0.08957814813877599,0.2652807487697103,False
480,present,39,200,22,200,0.025474276468258814,0.195,19.5,0.1460552053440051,0.25544044374612745,0.11,11.0,0.07377244460125303,0.1609269099730149,0.0984454475980762,False
481,present,46,200,20,200,0.0006733304016078121,0.23,23.0,0.17709343259068805,0.2930830436530359,0.1,10.0,0.06567044866909588,0.1494058124327174,0.0055826761145964165,True
482,present,58,200,20,200,2.0972066125658115e-06,0.29,28.999999999999996,0.23154025607067882,0.3563747810077731,0.1,10.0,0.06567044866909588,0.1494058124327174,8.585439570191291e-05,True
483,present,54,200,20,200,1.6433454297452325e-05,0.27,27.0,0.21323449814685846,0.33543435198668425,0.1,10.0,0.06567044866909588,0.1494058124327174,0.0003261791686312507,True
484,present,45,200,20,200,0.0010288508967901942,0.225,22.5,0.17262369715089126,0.2877412323566053,0.1,10.0,0.06567044866909588,0.1494058124327174,0.007928203969383261,True
485,present,37,200,14,200,0.0008328557595430914,0.185,18.5,0.13730192800616042,0.2445706276115175,0.07,7.000000000000001,0.042152171828342806,0.11405480885610647,0.0064942919345324385,True
486,present,26,200,12,200,0.02555072685751596,0.13,13.0,0.0902820227966932,0.18366351872248407,0.06,6.0,0.03465219425433187,0.1019316929576627,0.0984454475980762,False
487,present,25,200,13,200,0.05951132415437365,0.125,12.5,0.08611974475712644,0.17801425002582347,0.065,6.5,0.03837635464915299,0.10801907929906895,0.17228998985345975,False
488,present,14,200,7,200,0.17741308261074723,0.07,7.000000000000001,0.042152171828342806,0.11405480885610647,0.035,3.5000000000000004,0.017055542008567192,0.07047061152229073,0.34178108561776305,False
489,present,8,200,5,200,0.574633705892003,0.04,4.0,0.020405632066152306,0.07693206820093293,0.025,2.5,0.010724719651761264,0.05717834040664198,0.7512676194795648,False
490,present,4,200,4,200,1.0,0.02,2.0,0.0078044264163494685,0.050287086905826436,0.02,2.0,0.0078044264163494685,0.050287086905826436,1.0,False
491,present,3,200,7,200,0.3375196998342148,0.015,1.5,0.00511423779325831,0.04316572879269026,0.035,3.5000000000000004,0.017055542008567192,0.07047061152229073,0.5327118154009897,False
492,present,3,200,8,200,0.220052212189427,0.015,1.5,0.00511423779325831,0.04316572879269026,0.04,4.0,0.020405632066152306,0.07693206820093293,0.39816077067423944,False
493,present,5,200,7,200,0.7709566108649247,0.025,2.5,0.010724719651761264,0.05717834040664198,0.035,3.5000000000000004,0.017055542008567192,0.07047061152229073,0.8969388634396549,False
494,present,9,200,11,200,0.8192315853524278,0.045,4.5,0.023852543001492997,0.0832967040018196,0.055,5.5,0.03098534170345884,0.0957869987723084,0.9348374362471082,False
495,present,19,200,10,200,0.12168092523899227,0.095,9.5,0.06166310271738653,0.1436016116481994,0.05,5.0,0.02738264560076393,0.08957814813877599,0.2652807487697103,False
496,present,26,200,11,200,0.014736006973648207,0.13,13.0,0.0902820227966932,0.18366351872248407,0.055,5.5,0.03098534170345884,0.0957869987723084,0.06468327020721143,False
497,present,25,200,8,200,0.0030948377913423476,0.125,12.5,0.08611974475712644,0.17801425002582347,0.04,4.0,0.020405632066152306,0.07693206820093293,0.019305892888849884,True
498,present,25,200,12,200,0.03716882593275675,0.125,12.5,0.08611974475712644,0.17801425002582347,0.06,6.0,0.03465219425433187,0.1019316929576627,0.12358162937033336,False
499,present,13,200,9,200,0.5114830070456052,0.065,6.5,0.03837635464915299,0.10801907929906895,0.045,4.5,0.023852543001492997,0.0832967040018196,0.6994183081730093,False
500,present,21,200,9,200,0.03524896817945262,0.105,10.5,0.06970748792681017,0.1551803199112304,0.045,4.5,0.023852543001492997,0.0832967040018196,0.12142922779105825,False
501,present,7,200,11,200,0.470382853224137,0.035,3.5000000000000004,0.017055542008567192,0.07047061152229073,0.055,5.5,0.03098534170345884,0.0957869987723084,0.6786360547616954,False
502,present,9,200,16,200,0.21455709171687756,0.045,4.5,0.023852543001492997,0.0832967040018196,0.08,8.0,0.049840585889759974,0.12598948826714396,0.3959745899454421,False
503,present,10,200,16,200,0.3105770455634504,0.05,5.0,0.02738264560076393,0.08957814813877599,0.08,8.0,0.049840585889759974,0.12598948826714396,0.503534566445693,False
504,present,10,200,14,200,0.5284845781376694,0.05,5.0,0.02738264560076393,0.08957814813877599,0.07,7.000000000000001,0.042152171828342806,0.11405480885610647,0.7152012369425071,False
505,present,7,200,13,200,0.25090216415224686,0.035,3.5000000000000004,0.017055542008567192,0.07047061152229073,0.065,6.5,0.03837635464915299,0.10801907929906895,0.43361719662195697,False
506,present,2,200,10,200,0.03577990986820495,0.01,1.0,0.0027466581335444384,0.0357217617161768,0.05,5.0,0.02738264560076393,0.08957814813877599,0.12142922779105825,False
507,present,6,200,8,200,0.7867672840905648,0.03,3.0,0.013820314340111346,0.06389429245451925,0.04,4.0,0.020405632066152306,0.07693206820093293,0.9088757867360141,False
508,present,1,200,4,200,0.3718553310227711,0.005,0.5,0.0008831687156009814,0.02777370439789293,0.02,2.0,0.0078044264163494685,0.050287086905826436,0.5638084301386923,False
509,present,0,200,5,200,0.06093950240841398,0.0,0.0,0.0,0.018845326377266575,0.025,2.5,0.010724719651761264,0.05717834040664198,0.17228998985345975,False
510,present,0,200,6,200,0.03008405815098918,0.0,0.0,0.0,0.018845326377266575,0.03,3.0,0.013820314340111346,0.06389429245451925,0.10709270700487997,False
511,present,0,200,5,200,0.06093950240841398,0.0,0.0,0.0,0.018845326377266575,0.025,2.5,0.010724719651761264,0.05717834040664198,0.17228998985345975,False
512,present,0,200,5,200,0.06093950240841398,0.0,0.0,0.0,0.018845326377266575,0.025,2.5,0.010724719651761264,0.05717834040664198,0.17228998985345975,False
513,present,1,200,4,200,0.3718553310227711,0.005,0.5,0.0008831687156009814,0.02777370439789293,0.02,2.0,0.0078044264163494685,0.050287086905826436,0.5638084301386923,False
514,present,0,200,3,200,0.24812030075187969,0.0,0.0,0.0,0.018845326377266575,0.015,1.5,0.00511423779325831,0.04316572879269026,0.43223084306510956,False
515,present,0,200,5,200,0.06093950240841398,0.0,0.0,0.0,0.018845326377266575,0.025,2.5,0.010724719651761264,0.05717834040664198,0.17228998985345975,False
516,present,2,200,4,200,0.6851325456772371,0.01,1.0,0.0027466581335444384,0.0357217617161768,0.02,2.0,0.0078044264163494685,0.050287086905826436,0.843537250786824,False
517,present,0,200,2,200,0.49874686716791977,0.0,0.0,0.0,0.018845326377266575,0.01,1.0,0.0027466581335444384,0.0357217617161768,0.6904577261356027,False
518,present,3,200,3,200,1.0,0.015,1.5,0.00511423779325831,0.04316572879269026,0.015,1.5,0.00511423779325831,0.04316572879269026,1.0,False
519,present,2,200,2,200,1.0,0.01,1.0,0.0027466581335444384,0.0357217617161768,0.01,1.0,0.0027466581335444384,0.0357217617161768,1.0,False
520,present,5,200,9,200,0.4155335222430817,0.025,2.5,0.010724719651761264,0.05717834040664198,0.045,4.5,0.023852543001492997,0.0832967040018196,0.6214028700210469,False
521,present,14,200,14,200,1.0,0.07,7.000000000000001,0.042152171828342806,0.11405480885610647,0.07,7.000000000000001,0.042152171828342806,0.11405480885610647,1.0,False
522,present,14,200,17,200,0.7089887224731822,0.07,7.000000000000001,0.042152171828342806,0.11405480885610647,0.085,8.5,0.05374575017747561,0.13189587071565567,0.864781402644198,False
523,present,13,200,20,200,0.27538251203949987,0.065,6.5,0.03837635464915299,0.10801907929906895,0.1,10.0,0.06567044866909588,0.1494058124327174,0.4648854262522485,False
524,present,17,200,20,200,0.7304285798317993,0.085,8.5,0.05374575017747561,0.13189587071565567,0.1,10.0,0.06567044866909588,0.1494058124327174,0.877854531724456,False
525,present,15,200,16,200,1.0,0.075,7.5,0.04597491718438201,0.12004361023629456,0.08,8.0,0.049840585889759974,0.12598948826714396,1.0,False
526,present,12,200,13,200,1.0,0.06,6.0,0.03465219425433187,0.1019316929576627,0.065,6.5,0.03837635464915299,0.10801907929906895,1.0,False
527,present,14,200,13,200,1.0,0.07,7.000000000000001,0.042152171828342806,0.11405480885610647,0.065,6.5,0.03837635464915299,0.10801907929906895,1.0,False
528,present,8,200,10,200,0.8102155801027142,0.04,4.0,0.020405632066152306,0.07693206820093293,0.05,5.0,0.02738264560076393,0.08957814813877599,0.9277818268658703,False
529,present,9,200,11,200,0.8192315853524278,0.045,4.5,0.023852543001492997,0.0832967040018196,0.055,5.5,0.03098534170345884,0.0957869987723084,0.9348374362471082,False
530,present,7,200,7,200,1.0,0.035,3.5000000000000004,0.017055542008567192,0.07047061152229073,0.035,3.5000000000000004,0.017055542008567192,0.07047061152229073,1.0,False
531,present,3,200,8,200,0.220052212189427,0.015,1.5,0.00511423779325831,0.04316572879269026,0.04,4.0,0.020405632066152306,0.07693206820093293,0.39816077067423944,False
532,present,5,200,7,200,0.7709566108649247,0.025,2.5,0.010724719651761264,0.05717834040664198,0.035,3.5000000000000004,0.017055542008567192,0.07047061152229073,0.8969388634396549,False
533,present,2,200,7,200,0.17473480578839212,0.01,1.0,0.0027466581335444384,0.0357217617161768,0.035,3.5000000000000004,0.017055542008567192,0.07047061152229073,0.33961809433648915,False
534,present,3,200,5,200,0.7237899366977799,0.015,1.5,0.00511423779325831,0.04316572879269026,0.025,2.5,0.010724719651761264,0.05717834040664198,0.8764400100740765,False
535,present,3,200,9,200,0.13991613369653352,0.015,1.5,0.00511423779325831,0.04316572879269026,0.045,4.5,0.023852543001492997,0.0832967040018196,0.2863908361600921,False
536,present,3,200,8,200,0.220052212189427,0.015,1.5,0.00511423779325831,0.04316572879269026,0.04,4.0,0.020405632066152306,0.07693206820093293,0.39816077067423944,False
537,present,4,200,4,200,1.0,0.02,2.0,0.0078044264163494685,0.050287086905826436,0.02,2.0,0.0078044264163494685,0.050287086905826436,1.0,False
538,present,2,200,6,200,0.28409716587759604,0.01,1.0,0.0027466581335444384,0.0357217617161768,0.03,3.0,0.013820314340111346,0.06389429245451925,0.47349527646266004,False
539,present,1,200,5,200,0.215216723695538,0.005,0.5,0.0008831687156009814,0.02777370439789293,0.025,2.5,0.010724719651761264,0.05717834040664198,0.3959745899454421,False
540,present,5,200,10,200,0.29243009862526353,0.025,2.5,0.010724719651761264,0.05717834040664198,0.05,5.0,0.02738264560076393,0.08957814813877599,0.478854286498869,False
541,present,40,200,15,200,0.00041270362896296694,0.2,20.0,0.15045200926098115,0.2608551865653788,0.075,7.5,0.04597491718438201,0.12004361023629456,0.003618071775644568,True
542,present,25,200,20,200,0.5271513985565538,0.125,12.5,0.08611974475712644,0.17801425002582347,0.1,10.0,0.06567044866909588,0.1494058124327174,0.7152012369425071,False
543,present,18,200,26,200,0.2631525654434337,0.09,9.0,0.05768744886219316,0.13776571876716542,0.13,13.0,0.0902820227966932,0.18366351872248407,0.446541270376811,False
544,present,27,200,24,200,0.7645830346774601,0.135,13.5,0.09446570454787906,0.18929138370752552,0.12,12.0,0.08197992706375512,0.17234252098296743,0.8969388634396549,False
545,present,9,200,18,200,0.10938896438138344,0.045,4.5,0.023852543001492997,0.0832967040018196,0.09,9.0,0.05768744886219316,0.13776571876716542,0.26149551704308815,False
546,present,26,200,15,200,0.09829908781606107,0.13,13.0,0.0902820227966932,0.18366351872248407,0.075,7.5,0.04597491718438201,0.12004361023629456,0.24574771954015268,False
547,present,17,200,10,200,0.2313092360711259,0.085,8.5,0.05374575017747561,0.13189587071565567,0.05,5.0,0.02738264560076393,0.08957814813877599,0.41279394694346755,False
548,present,30,200,7,200,9.383615259262186e-05,0.15,15.0,0.10713593562241995,0.20605579284166659,0.035,3.5000000000000004,0.017055542008567192,0.07047061152229073,0.001152410989088971,True
549,present,26,200,6,200,0.0003155445257425781,0.13,13.0,0.0902820227966932,0.18366351872248407,0.03,3.0,0.013820314340111346,0.06389429245451925,0.0031315403691119493,True
550,present,31,200,5,200,5.233903171956624e-06,0.155,15.5,0.11139636927689314,0.21160690592342077,0.025,2.5,0.010724719651761264,0.05717834040664198,0.00015582757171052678,True
551,present,36,200,5,200,2.124141609325779e-07,0.18,18.0,0.13294625859420173,0.23911475028724882,0.025,2.5,0.010724719651761264,0.05717834040664198,1.1751350668469822e-05,True
552,present,19,200,7,200,0.02398699978244159,0.095,9.5,0.06166310271738653,0.1436016116481994,0.035,3.5000000000000004,0.017055542008567192,0.07047061152229073,0.09408074764969605,False
553,present,13,200,5,200,0.08880105429083687,0.065,6.5,0.03837635464915299,0.10801907929906895,0.025,2.5,0.010724719651761264,0.05717834040664198,0.2263217531536893,False
554,present,17,200,7,200,0.05608175067837895,0.085,8.5,0.05374575017747561,0.13189587071565567,0.035,3.5000000000000004,0.017055542008567192,0.07047061152229073,0.1685025077721936,False
555,present,3,200,10,200,0.08704284479400587,0.015,1.5,0.00511423779325831,0.04316572879269026,0.05,5.0,0.02738264560076393,0.08957814813877599,0.22270727867216344,False
556,present,2,200,8,200,0.10496985119732524,0.01,1.0,0.0027466581335444384,0.0357217617161768,0.04,4.0,0.020405632066152306,0.07693206820093293,0.2562153245292663,False
557,present,18,200,4,200,0.003389641852922614,0.09,9.0,0.05768744886219316,0.13776571876716542,0.02,2.0,0.0078044264163494685,0.050287086905826436,0.020749676763217872,True
558,present,24,200,7,200,0.002271016163026732,0.12,12.0,0.08197992706375512,0.17234252098296743,0.035,3.5000000000000004,0.017055542008567192,0.07047061152229073,0.01472787709685653,True
559,present,44,200,9,200,2.1529192064372193e-07,0.22,22.0,0.16816538358833258,0.28238799918293667,0.045,4.5,0.023852543001492997,0.0832967040018196,1.1751350668469822e-05,True
560,present,55,200,22,200,4.023129280759694e-05,0.275,27.500000000000004,0.21779700329307355,0.34068339357669647,0.11,11.0,0.07377244460125303,0.1609269099730149,0.0005855888175327999,True
561,present,57,200,23,200,3.0099069765831276e-05,0.285,28.499999999999996,0.22695003004617292,0.3511534602960517,0.115,11.5,0.07786373232561955,0.16664716898487572,0.0004928722674154872,True
562,present,54,200,27,200,0.001129694254659158,0.27,27.0,0.21323449814685846,0.33543435198668425,0.135,13.5,0.09446570454787906,0.18929138370752552,0.008221663742241649,True
563,present,35,200,27,200,0.33353471709472143,0.175,17.5,0.12860515066273331,0.23364431148248993,0.135,13.5,0.09446570454787906,0.18929138370752552,0.5302554361578702,False
564,present,23,200,21,200,0.8732296171172865,0.115,11.5,0.07786373232561955,0.16664716898487572,0.105,10.5,0.06970748792681017,0.1551803199112304,0.9810727259207938,False
565,present,11,200,22,200,0.06778911373933272,0.055,5.5,0.03098534170345884,0.0957869987723084,0.11,11.0,0.07377244460125303,0.1609269099730149,0.18197487499697923,False
566,present,21,200,8,200,0.019275825961668578,0.105,10.5,0.06970748792681017,0.1551803199112304,0.04,4.0,0.020405632066152306,0.07693206820093293,0.0794067044332888,False
567,present,23,200,10,200,0.027880498868336313,0.115,11.5,0.07786373232561955,0.16664716898487572,0.05,5.0,0.02738264560076393,0.08957814813877599,0.1055591142124872,False
568,present,16,200,8,200,0.13914875099967378,0.08,8.0,0.049840585889759974,0.12598948826714396,0.04,4.0,0.020405632066152306,0.07693206820093293,0.2863908361600921,False
569,present,12,200,7,200,0.34745430851794057,0.06,6.0,0.03465219425433187,0.1019316929576627,0.035,3.5000000000000004,0.017055542008567192,0.07047061152229073,0.5431564966091911,False
570,present,27,200,8,200,0.0011575272593660104,0.135,13.5,0.09446570454787906,0.18929138370752552,0.04,4.0,0.020405632066152306,0.07693206820093293,0.008331652251480625,True
571,present,31,200,9,200,0.0003513093419147753,0.155,15.5,0.11139636927689314,0.21160690592342077,0.045,4.5,0.023852543001492997,0.0832967040018196,0.0033386663606037714,True
572,present,53,200,9,200,6.24253562377312e-10,0.265,26.5,0.2086815414710911,0.3301757619262242,0.045,4.5,0.023852543001492997,0.0832967040018196,6.814768055952323e-08,True
573,present,47,200,10,200,1.0527631265524919e-07,0.235,23.5,0.18157433415232588,0.29841368882762537,0.05,5.0,0.02738264560076393,0.08957814813877599,7.186979333523162e-06,True
574,present,61,200,8,200,4.896400848226131e-13,0.305,30.5,0.24536415630735034,0.37198552097978366,0.04,4.0,0.020405632066152306,0.07693206820093293,8.01785638897029e-11,True
575,present,70,200,11,200,5.2794491211077167e-14,0.35,35.0,0.28728824127358077,0.4183653566395992,0.055,5.5,0.03098534170345884,0.0957869987723084,1.1526797247751848e-11,True
576,present,69,200,14,200,5.9814064563617015e-12,0.345,34.5,0.2825979437674894,0.4132441074094632,0.07,7.000000000000001,0.042152171828342806,0.11405480885610647,7.83564245783383e-10,True
577,present,70,200,10,200,1.194227577440537e-14,0.35,35.0,0.28728824127358077,0.4183653566395992,0.05,5.0,0.02738264560076393,0.08957814813877599,3.911095316117759e-12,True
578,present,76,200,13,200,9.573899600045923e-15,0.38,38.0,0.31559005848673627,0.44893281984380773,0.065,6.5,0.03837635464915299,0.10801907929906895,3.911095316117759e-12,True
579,present,22,200,14,200,0.22092211580511828,0.11,11.0,0.07377244460125303,0.1609269099730149,0.07,7.000000000000001,0.042152171828342806,0.11405480885610647,0.3986335698411914,False
580,present,14,200,20,200,0.3702583558764785,0.07,7.000000000000001,0.042152171828342806,0.11405480885610647,0.1,10.0,0.06567044866909588,0.1494058124327174,0.5638084301386923,False
581,present,28,200,20,200,0.281374898147473,0.14,14.000000000000002,0.09866982633455634,0.1948988086570756,0.1,10.0,0.06567044866909588,0.1494058124327174,0.47256553406819185,False
582,present,35,200,29,200,0.49550765334441915,0.175,17.5,0.12860515066273331,0.23364431148248993,0.145,14.499999999999998,0.10289350642004402,0.20048667530781522,0.6904577261356027,False
583,present,43,200,27,200,0.04786403882667812,0.215,21.5,0.1637187625450758,0.27702307348996613,0.135,13.5,0.09446570454787906,0.18929138370752552,0.15145384266412643,False
584,present,44,200,22,200,0.004413132533622485,0.22,22.0,0.16816538358833258,0.28238799918293667,0.11,11.0,0.07377244460125303,0.1609269099730149,0.02540751831614172,True
585,present,49,200,21,200,0.00033239459519824547,0.245,24.5,0.1905686808903718,0.30904243556203415,0.105,10.5,0.06970748792681017,0.1551803199112304,0.003249529251564937,True
586,present,41,200,14,200,0.00012469414582565595,0.205,20.5,0.15486176203836208,0.26625698052422514,0.07,7.000000000000001,0.042152171828342806,0.11405480885610647,0.0013612444252634108,True
587,present,48,200,18,200,7.505036266789098e-05,0.24,24.0,0.1860661599241369,0.30373340979204166,0.09,9.0,0.05768744886219316,0.13776571876716542,0.0009831597509493719,True
588,present,33,200,16,200,0.014030390419898646,0.165,16.5,0.11996855328217307,0.2226578153905955,0.08,8.0,0.049840585889759974,0.12598948826714396,0.064004698560508,False
589,present,37,200,13,200,0.00041428302774556126,0.185,18.5,0.13730192800616042,0.2445706276115175,0.065,6.5,0.03837635464915299,0.10801907929906895,0.003618071775644568,True
590,present,20,200,10,200,0.08609680423939847,0.1,10.0,0.06567044866909588,0.1494058124327174,0.05,5.0,0.02738264560076393,0.08957814813877599,0.22270727867216344,False
591,present,13,200,9,200,0.5114830070456052,0.065,6.5,0.03837635464915299,0.10801907929906895,0.045,4.5,0.023852543001492997,0.0832967040018196,0.6994183081730093,False
592,present,14,200,10,200,0.5284845781376694,0.07,7.000000000000001,0.042152171828342806,0.11405480885610647,0.05,5.0,0.02738264560076393,0.08957814813877599,0.7152012369425071,False
593,present,12,200,5,200,0.13489187141753786,0.06,6.0,0.03465219425433187,0.1019316929576627,0.025,2.5,0.010724719651761264,0.05717834040664198,0.28138272540919523,False
594,present,6,200,4,200,0.7507751653886873,0.03,3.0,0.013820314340111346,0.06389429245451925,0.02,2.0,0.0078044264163494685,0.050287086905826436,0.8874612584827279,False
595,present,7,200,7,200,1.0,0.035,3.5000000000000004,0.017055542008567192,0.07047061152229073,0.035,3.5000000000000004,0.017055542008567192,0.07047061152229073,1.0,False
596,present,8,200,11,200,0.6394096021951571,0.04,4.0,0.020405632066152306,0.07693206820093293,0.055,5.5,0.03098534170345884,0.0957869987723084,0.8069620220382041,False
597,present,4,200,6,200,0.7507751653886873,0.02,2.0,0.0078044264163494685,0.050287086905826436,0.03,3.0,0.013820314340111346,0.06389429245451925,0.8874612584827279,False
598,present,11,200,7,200,0.470382853224137,0.055,5.5,0.03098534170345884,0.0957869987723084,0.035,3.5000000000000004,0.017055542008567192,0.07047061152229073,0.6786360547616954,False
599,present,7,200,11,200,0.470382853224137,0.035,3.5000000000000004,0.017055542008567192,0.07047061152229073,0.055,5.5,0.03098534170345884,0.0957869987723084,0.6786360547616954,False
600,present,20,200,19,200,1.0,0.1,10.0,0.06567044866909588,0.1494058124327174,0.095,9.5,0.06166310271738653,0.1436016116481994,1.0,False
601,present,4,200,18,200,0.003389641852922614,0.02,2.0,0.0078044264163494685,0.050287086905826436,0.09,9.0,0.05768744886219316,0.13776571876716542,0.020749676763217872,True
602,present,8,200,20,200,0.02949312900097527,0.04,4.0,0.020405632066152306,0.07693206820093293,0.1,10.0,0.06567044866909588,0.1494058124327174,0.10709270700487997,False
603,present,9,200,18,200,0.10938896438138344,0.045,4.5,0.023852543001492997,0.0832967040018196,0.09,9.0,0.05768744886219316,0.13776571876716542,0.26149551704308815,False
604,present,9,200,22,200,0.023469546698384077,0.045,4.5,0.023852543001492997,0.0832967040018196,0.11,11.0,0.07377244460125303,0.1609269099730149,0.09316698840873679,False
605,present,6,200,18,200,0.018814263792385048,0.03,3.0,0.013820314340111346,0.06389429245451925,0.09,9.0,0.05768744886219316,0.13776571876716542,0.07854127446456992,False
606,present,7,200,15,200,0.12302340616644473,0.035,3.5000000000000004,0.017055542008567192,0.07047061152229073,0.075,7.5,0.04597491718438201,0.12004361023629456,0.2652807487697103,False
607,present,5,200,11,200,0.2008219665044715,0.025,2.5,0.010724719651761264,0.05717834040664198,0.055,5.5,0.03098534170345884,0.0957869987723084,0.38016875161973657,False
608,present,4,200,10,200,0.1718518734406313,0.02,2.0,0.0078044264163494685,0.050287086905826436,0.05,5.0,0.02738264560076393,0.08957814813877599,0.339045111757872,False
609,present,5,200,10,200,0.29243009862526353,0.025,2.5,0.010724719651761264,0.05717834040664198,0.05,5.0,0.02738264560076393,0.08957814813877599,0.478854286498869,False
610,present,3,200,6,200,0.5028218860560039,0.015,1.5,0.00511423779325831,0.04316572879269026,0.03,3.0,0.013820314340111346,0.06389429245451925,0.6904577261356027,False
611,present,2,200,4,200,0.6851325456772371,0.01,1.0,0.0027466581335444384,0.0357217617161768,0.02,2.0,0.0078044264163494685,0.050287086905826436,0.843537250786824,False
612,present,3,200,6,200,0.5028218860560039,0.015,1.5,0.00511423779325831,0.04316572879269026,0.03,3.0,0.013820314340111346,0.06389429245451925,0.6904577261356027,False
613,present,0,200,6,200,0.03008405815098918,0.0,0.0,0.0,0.018845326377266575,0.03,3.0,0.013820314340111346,0.06389429245451925,0.10709270700487997,False
614,present,0,200,6,200,0.03008405815098918,0.0,0.0,0.0,0.018845326377266575,0.03,3.0,0.013820314340111346,0.06389429245451925,0.10709270700487997,False
615,present,1,200,7,200,0.06758178630705092,0.005,0.5,0.0008831687156009814,0.02777370439789293,0.035,3.5000000000000004,0.017055542008567192,0.07047061152229073,0.18197487499697923,False
616,present,1,200,8,200,0.03696663788381058,0.005,0.5,0.0008831687156009814,0.02777370439789293,0.04,4.0,0.020405632066152306,0.07693206820093293,0.12353646843824453,False
617,present,0,200,5,200,0.06093950240841398,0.0,0.0,0.0,0.018845326377266575,0.025,2.5,0.010724719651761264,0.05717834040664198,0.17228998985345975,False
618,present,0,200,7,200,0.014812962642872846,0.0,0.0,0.0,0.018845326377266575,0.035,3.5000000000000004,0.017055542008567192,0.07047061152229073,0.06468327020721143,False
619,present,1,200,6,200,0.1217106311996872,0.005,0.5,0.0008831687156009814,0.02777370439789293,0.03,3.0,0.013820314340111346,0.06389429245451925,0.2652807487697103,False
620,present,3,200,11,200,0.0531192333353557,0.015,1.5,0.00511423779325831,0.04316572879269026,0.055,5.5,0.03098534170345884,0.0957869987723084,0.16107915664193512,False
621,present,16,200,13,200,0.7004087853972961,0.08,8.0,0.049840585889759974,0.12598948826714396,0.065,6.5,0.03837635464915299,0.10801907929906895,0.859115645009792,False
622,present,20,200,12,200,0.1963884939493368,0.1,10.0,0.06567044866909588,0.1494058124327174,0.06,6.0,0.03465219425433187,0.1019316929576627,0.37393739400237097,False
623,present,14,200,12,200,0.8397294114926835,0.07,7.000000000000001,0.042152171828342806,0.11405480885610647,0.06,6.0,0.03465219425433187,0.1019316929576627,0.9549006328606038,False
624,present,20,200,9,200,0.052198246866101236,0.1,10.0,0.06567044866909588,0.1494058124327174,0.045,4.5,0.023852543001492997,0.0832967040018196,0.16107915664193512,False
625,present,17,200,7,200,0.05608175067837895,0.085,8.5,0.05374575017747561,0.13189587071565567,0.035,3.5000000000000004,0.017055542008567192,0.07047061152229073,0.1685025077721936,False
626,present,21,200,5,200,0.00179261221376033,0.105,10.5,0.06970748792681017,0.1551803199112304,0.025,2.5,0.010724719651761264,0.05717834040664198,0.011860212121343599,True
627,present,23,200,6,200,0.001586892332346044,0.115,11.5,0.07786373232561955,0.16664716898487572,0.03,3.0,0.013820314340111346,0.06389429245451925,0.010745537957149722,True
628,present,18,200,8,200,0.06612464458455802,0.09,9.0,0.05768744886219316,0.13776571876716542,0.04,4.0,0.020405632066152306,0.07693206820093293,0.18197487499697923,False
629,present,21,200,6,200,0.004422071890137643,0.105,10.5,0.06970748792681017,0.1551803199112304,0.03,3.0,0.013820314340111346,0.06389429245451925,0.02540751831614172,True
630,present,13,200,7,200,0.25090216415224686,0.065,6.5,0.03837635464915299,0.10801907929906895,0.035,3.5000000000000004,0.017055542008567192,0.07047061152229073,0.43361719662195697,False
631,present,6,200,6,200,1.0,0.03,3.0,0.013820314340111346,0.06389429245451925,0.03,3.0,0.013820314340111346,0.06389429245451925,1.0,False
632,present,5,200,6,200,1.0,0.025,2.5,0.010724719651761264,0.05717834040664198,0.03,3.0,0.013820314340111346,0.06389429245451925,1.0,False
633,present,0,200,6,200,0.03008405815098918,0.0,0.0,0.0,0.018845326377266575,0.03,3.0,0.013820314340111346,0.06389429245451925,0.10709270700487997,False
634,present,0,200,3,200,0.24812030075187969,0.0,0.0,0.0,0.018845326377266575,0.015,1.5,0.00511423779325831,0.04316572879269026,0.43223084306510956,False
635,present,0,200,5,200,0.06093950240841398,0.0,0.0,0.0,0.018845326377266575,0.025,2.5,0.010724719651761264,0.05717834040664198,0.17228998985345975,False
636,present,1,200,10,200,0.010666249828797427,0.005,0.5,0.0008831687156009814,0.02777370439789293,0.05,5.0,0.02738264560076393,0.08957814813877599,0.05224308008825806,False
637,present,5,200,6,200,1.0,0.025,2.5,0.010724719651761264,0.05717834040664198,0.03,3.0,0.013820314340111346,0.06389429245451925,1.0,False
638,present,11,200,4,200,0.11156276084831519,0.055,5.5,0.03098534170345884,0.0957869987723084,0.02,2.0,0.0078044264163494685,0.050287086905826436,0.261912574751421,False
639,present,14,200,1,200,0.0007961499762828994,0.07,7.000000000000001,0.042152171828342806,0.11405480885610647,0.005,0.5,0.0008831687156009814,0.02777370439789293,0.006282870294762639,True
640,present,9,200,5,200,0.4155335222430817,0.045,4.5,0.023852543001492997,0.0832967040018196,0.025,2.5,0.010724719651761264,0.05717834040664198,0.6214028700210469,False
641,present,8,100,3,100,0.21340990107170205,0.08,8.0,0.041093461484380624,0.14998107700948735,0.03,3.0,0.010254524024038925,0.0845193642905276,0.3959745899454421,False
642,present,1,100,4,100,0.36867076499247503,0.01,1.0,0.0017674320641406505,0.054486196178705315,0.04,4.0,0.01566330399154762,0.0983707143588792,0.5638084301386923,False
643,present,0,100,2,100,0.49748743718592964,0.0,0.0,0.0,0.03699349820698568,0.02,2.0,0.00550196755016235,0.07001179072854388,0.6904577261356027,False
644,present,0,100,3,100,0.24623115577889448,0.0,0.0,0.0,0.03699349820698568,0.03,3.0,0.010254524024038925,0.0845193642905276,0.43223084306510956,False
645,present,1,100,3,100,0.621202458995485,0.01,1.0,0.0017674320641406505,0.054486196178705315,0.03,3.0,0.010254524024038925,0.0845193642905276,0.7919077274793893,False
646,present,1,100,3,100,0.621202458995485,0.01,1.0,0.0017674320641406505,0.054486196178705315,0.03,3.0,0.010254524024038925,0.0845193642905276,0.7919077274793893,False
647,present,0,100,2,100,0.49748743718592964,0.0,0.0,0.0,0.03699349820698568,0.02,2.0,0.00550196755016235,0.07001179072854388,0.6904577261356027,False
648,present,4,100,2,100,0.6827165895859618,0.04,4.0,0.01566330399154762,0.0983707143588792,0.02,2.0,0.00550196755016235,0.07001179072854388,0.843537250786824,False
649,present,8,100,3,100,0.21340990107170205,0.08,8.0,0.041093461484380624,0.14998107700948735,0.03,3.0,0.010254524024038925,0.0845193642905276,0.3959745899454421,False
650,present,17,100,3,100,0.0015380461941351413,0.17,17.0,0.10893566114059931,0.25548004767601123,0.03,3.0,0.010254524024038925,0.0845193642905276,0.010736024209952516,True
651,present,13,100,4,100,0.03978781047861022,0.13,13.0,0.07757167427240512,0.20980351440076428,0.04,4.0,0.01566330399154762,0.0983707143588792,0.13095987871100348,False
652,present,19,100,4,100,0.0014157187578858676,0.19,19.0,0.12514751509768735,0.27778845379064376,0.04,4.0,0.01566330399154762,0.0983707143588792,0.010079302026252644,True
653,present,19,100,2,100,0.00010277545869322265,0.19,19.0,0.12514751509768735,0.27778845379064376,0.02,2.0,0.00550196755016235,0.07001179072854388,0.0011945746947850055,True
654,present,13,100,2,100,0.005450554847689658,0.13,13.0,0.07757167427240512,0.20980351440076428,0.02,2.0,0.00550196755016235,0.07001179072854388,0.030255198518955303,True
655,present,11,100,1,100,0.0049817172673850075,0.11,11.0,0.06254196357064568,0.18631296503080313,0.01,1.0,0.0017674320641406505,0.054486196178705315,0.028374128783801564,True
